"","subid","trial_type","trial","looking_time","order","lab","trial_num"
"1","MB12_S01","ADS","ADS1",0.9,1,"irl-concordia",4
"2","MB12_S01","ADS","ADS2",3.91,1,"irl-concordia",6
"3","MB12_S01","ADS","ADS3",1.43,1,"irl-concordia",7
"4","MB12_S01","ADS","ADS4",1.45,1,"irl-concordia",10
"5","MB12_S01","ADS","ADS5",7.01,1,"irl-concordia",11
"6","MB12_S01","ADS","ADS6",0,1,"irl-concordia",13
"7","MB12_S01","ADS","ADS7",0,1,"irl-concordia",16
"8","MB12_S01","ADS","ADS8",0,1,"irl-concordia",17
"9","MB12_S01","IDS","IDS1",9.5,1,"irl-concordia",3
"10","MB12_S01","IDS","IDS2",1.3,1,"irl-concordia",5
"11","MB12_S01","IDS","IDS3",5.83,1,"irl-concordia",8
"12","MB12_S01","IDS","IDS4",0.6,1,"irl-concordia",9
"13","MB12_S01","IDS","IDS5",0,1,"irl-concordia",12
"14","MB12_S01","IDS","IDS6",0,1,"irl-concordia",14
"15","MB12_S01","IDS","IDS7",0,1,"irl-concordia",15
"16","MB12_S01","IDS","IDS8",0.57,1,"irl-concordia",18
"17","MB12_S01","training","train1",5.67,1,"irl-concordia",1
"18","MB12_S01","training","train2",1.02,1,"irl-concordia",2
"19","MB12_S02","ADS","ADS1",4.1,3,"irl-concordia",7
"20","MB12_S02","ADS","ADS2",0,3,"irl-concordia",11
"21","MB12_S02","ADS","ADS3",5.88,3,"irl-concordia",9
"22","MB12_S02","ADS","ADS4",5.46,3,"irl-concordia",14
"23","MB12_S02","ADS","ADS5",2.75,3,"irl-concordia",4
"24","MB12_S02","ADS","ADS6",1.07,3,"irl-concordia",16
"25","MB12_S02","ADS","ADS7",3.17,3,"irl-concordia",5
"26","MB12_S02","ADS","ADS8",2.3,3,"irl-concordia",18
"27","MB12_S02","IDS","IDS1",7.06,3,"irl-concordia",8
"28","MB12_S02","IDS","IDS2",14.38,3,"irl-concordia",12
"29","MB12_S02","IDS","IDS3",10.91,3,"irl-concordia",10
"30","MB12_S02","IDS","IDS4",1,3,"irl-concordia",13
"31","MB12_S02","IDS","IDS5",11.66,3,"irl-concordia",3
"32","MB12_S02","IDS","IDS6",1.02,3,"irl-concordia",15
"33","MB12_S02","IDS","IDS7",10.43,3,"irl-concordia",6
"34","MB12_S02","IDS","IDS8",1.82,3,"irl-concordia",17
"35","MB12_S02","training","train1",5.03,3,"irl-concordia",1
"36","MB12_S02","training","train2",2.75,3,"irl-concordia",2
"37","MB12_S03","ADS","ADS1",1.83,1,"irl-concordia",4
"38","MB12_S03","ADS","ADS2",0,1,"irl-concordia",6
"39","MB12_S03","ADS","ADS3",0,1,"irl-concordia",7
"40","MB12_S03","ADS","ADS4",0,1,"irl-concordia",10
"41","MB12_S03","ADS","ADS5",0,1,"irl-concordia",11
"42","MB12_S03","ADS","ADS6",0,1,"irl-concordia",13
"43","MB12_S03","ADS","ADS7",0,1,"irl-concordia",16
"44","MB12_S03","ADS","ADS8",0,1,"irl-concordia",17
"45","MB12_S03","IDS","IDS1",0,1,"irl-concordia",3
"46","MB12_S03","IDS","IDS2",0,1,"irl-concordia",5
"47","MB12_S03","IDS","IDS3",0,1,"irl-concordia",8
"48","MB12_S03","IDS","IDS4",0,1,"irl-concordia",9
"49","MB12_S03","IDS","IDS5",0,1,"irl-concordia",12
"50","MB12_S03","IDS","IDS6",0,1,"irl-concordia",14
"51","MB12_S03","IDS","IDS7",0,1,"irl-concordia",15
"52","MB12_S03","IDS","IDS8",0,1,"irl-concordia",18
"53","MB12_S03","training","train1",2.19,1,"irl-concordia",1
"54","MB12_S03","training","train2",0,1,"irl-concordia",2
"55","MB12_S04","ADS","ADS1",1.95,1,"irl-concordia",4
"56","MB12_S04","ADS","ADS2",1.46,1,"irl-concordia",6
"57","MB12_S04","ADS","ADS3",1,1,"irl-concordia",7
"58","MB12_S04","ADS","ADS4",2.4,1,"irl-concordia",10
"59","MB12_S04","ADS","ADS5",2.81,1,"irl-concordia",11
"60","MB12_S04","ADS","ADS6",0,1,"irl-concordia",13
"61","MB12_S04","ADS","ADS7",3.84,1,"irl-concordia",16
"62","MB12_S04","ADS","ADS8",7.73,1,"irl-concordia",17
"63","MB12_S04","IDS","IDS1",3.63,1,"irl-concordia",3
"64","MB12_S04","IDS","IDS2",1.4,1,"irl-concordia",5
"65","MB12_S04","IDS","IDS3",4,1,"irl-concordia",8
"66","MB12_S04","IDS","IDS4",6.62,1,"irl-concordia",9
"67","MB12_S04","IDS","IDS5",1.73,1,"irl-concordia",12
"68","MB12_S04","IDS","IDS6",0,1,"irl-concordia",14
"69","MB12_S04","IDS","IDS7",1.18,1,"irl-concordia",15
"70","MB12_S04","IDS","IDS8",1.24,1,"irl-concordia",18
"71","MB12_S04","training","train1",6.65,1,"irl-concordia",1
"72","MB12_S04","training","train2",2.81,1,"irl-concordia",2
"73","MB12_S05","ADS","ADS1",7.66,4,"irl-concordia",8
"74","MB12_S05","ADS","ADS2",11.87,4,"irl-concordia",12
"75","MB12_S05","ADS","ADS3",7.38,4,"irl-concordia",10
"76","MB12_S05","ADS","ADS4",0,4,"irl-concordia",13
"77","MB12_S05","ADS","ADS5",16.78,4,"irl-concordia",3
"78","MB12_S05","ADS","ADS6",0,4,"irl-concordia",15
"79","MB12_S05","ADS","ADS7",5.05,4,"irl-concordia",6
"80","MB12_S05","ADS","ADS8",3.35,4,"irl-concordia",17
"81","MB12_S05","IDS","IDS1",7.71,4,"irl-concordia",7
"82","MB12_S05","IDS","IDS2",6.28,4,"irl-concordia",11
"83","MB12_S05","IDS","IDS3",8.2,4,"irl-concordia",9
"84","MB12_S05","IDS","IDS4",8.96,4,"irl-concordia",14
"85","MB12_S05","IDS","IDS5",12.18,4,"irl-concordia",4
"86","MB12_S05","IDS","IDS6",0,4,"irl-concordia",16
"87","MB12_S05","IDS","IDS7",11.73,4,"irl-concordia",5
"88","MB12_S05","IDS","IDS8",3.43,4,"irl-concordia",18
"89","MB12_S05","training","train1",17.91,4,"irl-concordia",2
"90","MB12_S05","training","train2",8.63,4,"irl-concordia",1
"91","MB12_S06","ADS","ADS1",2.93,2,"irl-concordia",3
"92","MB12_S06","ADS","ADS2",4.96,2,"irl-concordia",5
"93","MB12_S06","ADS","ADS3",3.4,2,"irl-concordia",8
"94","MB12_S06","ADS","ADS4",4.21,2,"irl-concordia",9
"95","MB12_S06","ADS","ADS5",3.47,2,"irl-concordia",12
"96","MB12_S06","ADS","ADS6",0.73,2,"irl-concordia",14
"97","MB12_S06","ADS","ADS7",0,2,"irl-concordia",15
"98","MB12_S06","ADS","ADS8",0,2,"irl-concordia",18
"99","MB12_S06","IDS","IDS1",6.67,2,"irl-concordia",4
"100","MB12_S06","IDS","IDS2",2.53,2,"irl-concordia",6
"101","MB12_S06","IDS","IDS3",0,2,"irl-concordia",7
"102","MB12_S06","IDS","IDS4",0,2,"irl-concordia",10
"103","MB12_S06","IDS","IDS5",3.51,2,"irl-concordia",11
"104","MB12_S06","IDS","IDS6",3.65,2,"irl-concordia",13
"105","MB12_S06","IDS","IDS7",0,2,"irl-concordia",16
"106","MB12_S06","IDS","IDS8",0,2,"irl-concordia",17
"107","MB12_S06","training","train1",11.84,2,"irl-concordia",2
"108","MB12_S06","training","train2",17.01,2,"irl-concordia",1
"109","MB12_S07","ADS","ADS1",11.74,2,"irl-concordia",3
"110","MB12_S07","ADS","ADS2",2.58,2,"irl-concordia",5
"111","MB12_S07","ADS","ADS3",3.22,2,"irl-concordia",8
"112","MB12_S07","ADS","ADS4",3.04,2,"irl-concordia",9
"113","MB12_S07","ADS","ADS5",3.7,2,"irl-concordia",12
"114","MB12_S07","ADS","ADS6",1.08,2,"irl-concordia",14
"115","MB12_S07","ADS","ADS7",0,2,"irl-concordia",15
"116","MB12_S07","ADS","ADS8",1.32,2,"irl-concordia",18
"117","MB12_S07","IDS","IDS1",6.7,2,"irl-concordia",4
"118","MB12_S07","IDS","IDS2",4.71,2,"irl-concordia",6
"119","MB12_S07","IDS","IDS3",5.92,2,"irl-concordia",7
"120","MB12_S07","IDS","IDS4",5.26,2,"irl-concordia",10
"121","MB12_S07","IDS","IDS5",1.87,2,"irl-concordia",11
"122","MB12_S07","IDS","IDS6",1.93,2,"irl-concordia",13
"123","MB12_S07","IDS","IDS7",0.33,2,"irl-concordia",16
"124","MB12_S07","IDS","IDS8",0.24,2,"irl-concordia",17
"125","MB12_S07","training","train1",9.82,2,"irl-concordia",2
"126","MB12_S07","training","train2",8.46,2,"irl-concordia",1
"127","MB12_S08","ADS","ADS1",0.53,3,"irl-concordia",7
"128","MB12_S08","ADS","ADS2",0.32,3,"irl-concordia",11
"129","MB12_S08","ADS","ADS3",0,3,"irl-concordia",9
"130","MB12_S08","ADS","ADS4",0.28,3,"irl-concordia",14
"131","MB12_S08","ADS","ADS5",2.26,3,"irl-concordia",4
"132","MB12_S08","ADS","ADS6",0,3,"irl-concordia",16
"133","MB12_S08","ADS","ADS7",0,3,"irl-concordia",5
"134","MB12_S08","ADS","ADS8",0,3,"irl-concordia",18
"135","MB12_S08","IDS","IDS1",0,3,"irl-concordia",8
"136","MB12_S08","IDS","IDS2",0,3,"irl-concordia",12
"137","MB12_S08","IDS","IDS3",0,3,"irl-concordia",10
"138","MB12_S08","IDS","IDS4",0.42,3,"irl-concordia",13
"139","MB12_S08","IDS","IDS5",12.07,3,"irl-concordia",3
"140","MB12_S08","IDS","IDS6",0,3,"irl-concordia",15
"141","MB12_S08","IDS","IDS7",0,3,"irl-concordia",6
"142","MB12_S08","IDS","IDS8",0,3,"irl-concordia",17
"143","MB12_S08","training","train1",4.07,3,"irl-concordia",1
"144","MB12_S08","training","train2",1.32,3,"irl-concordia",2
"145","MB12_S09","ADS","ADS1",7.36,3,"irl-concordia",7
"146","MB12_S09","ADS","ADS2",1.07,3,"irl-concordia",11
"147","MB12_S09","ADS","ADS3",4.65,3,"irl-concordia",9
"148","MB12_S09","ADS","ADS4",3.48,3,"irl-concordia",14
"149","MB12_S09","ADS","ADS5",2.08,3,"irl-concordia",4
"150","MB12_S09","ADS","ADS6",1.62,3,"irl-concordia",16
"151","MB12_S09","ADS","ADS7",12.86,3,"irl-concordia",5
"152","MB12_S09","ADS","ADS8",0.85,3,"irl-concordia",18
"153","MB12_S09","IDS","IDS1",2.33,3,"irl-concordia",8
"154","MB12_S09","IDS","IDS2",0.09,3,"irl-concordia",12
"155","MB12_S09","IDS","IDS3",11.78,3,"irl-concordia",10
"156","MB12_S09","IDS","IDS4",7.67,3,"irl-concordia",13
"157","MB12_S09","IDS","IDS5",12.29,3,"irl-concordia",3
"158","MB12_S09","IDS","IDS6",3.97,3,"irl-concordia",15
"159","MB12_S09","IDS","IDS7",12.01,3,"irl-concordia",6
"160","MB12_S09","IDS","IDS8",4.98,3,"irl-concordia",17
"161","MB12_S09","training","train1",17.26,3,"irl-concordia",1
"162","MB12_S09","training","train2",17.24,3,"irl-concordia",2
"163","MB12_S10","ADS","ADS1",0,4,"irl-concordia",8
"164","MB12_S10","ADS","ADS2",1.94,4,"irl-concordia",12
"165","MB12_S10","ADS","ADS3",0.68,4,"irl-concordia",10
"166","MB12_S10","ADS","ADS4",0.35,4,"irl-concordia",13
"167","MB12_S10","ADS","ADS5",3.26,4,"irl-concordia",3
"168","MB12_S10","ADS","ADS6",0,4,"irl-concordia",15
"169","MB12_S10","ADS","ADS7",0.45,4,"irl-concordia",6
"170","MB12_S10","ADS","ADS8",0,4,"irl-concordia",17
"171","MB12_S10","IDS","IDS1",5.95,4,"irl-concordia",7
"172","MB12_S10","IDS","IDS2",1.81,4,"irl-concordia",11
"173","MB12_S10","IDS","IDS3",0,4,"irl-concordia",9
"174","MB12_S10","IDS","IDS4",7.83,4,"irl-concordia",14
"175","MB12_S10","IDS","IDS5",1.25,4,"irl-concordia",4
"176","MB12_S10","IDS","IDS6",0,4,"irl-concordia",16
"177","MB12_S10","IDS","IDS7",8.59,4,"irl-concordia",5
"178","MB12_S10","IDS","IDS8",0,4,"irl-concordia",18
"179","MB12_S10","training","train1",4.5,4,"irl-concordia",2
"180","MB12_S10","training","train2",4.65,4,"irl-concordia",1
"181","MB12_S11","ADS","ADS1",5.8,4,"irl-concordia",8
"182","MB12_S11","ADS","ADS2",6.27,4,"irl-concordia",12
"183","MB12_S11","ADS","ADS3",2.39,4,"irl-concordia",10
"184","MB12_S11","ADS","ADS4",9.56,4,"irl-concordia",13
"185","MB12_S11","ADS","ADS5",17.9,4,"irl-concordia",3
"186","MB12_S11","ADS","ADS6",6.75,4,"irl-concordia",15
"187","MB12_S11","ADS","ADS7",17.69,4,"irl-concordia",6
"188","MB12_S11","ADS","ADS8",3.5,4,"irl-concordia",17
"189","MB12_S11","IDS","IDS1",16.35,4,"irl-concordia",7
"190","MB12_S11","IDS","IDS2",6.91,4,"irl-concordia",11
"191","MB12_S11","IDS","IDS3",6.68,4,"irl-concordia",9
"192","MB12_S11","IDS","IDS4",1.09,4,"irl-concordia",14
"193","MB12_S11","IDS","IDS5",17.55,4,"irl-concordia",4
"194","MB12_S11","IDS","IDS6",3.88,4,"irl-concordia",16
"195","MB12_S11","IDS","IDS7",15.39,4,"irl-concordia",5
"196","MB12_S11","IDS","IDS8",3.63,4,"irl-concordia",18
"197","MB12_S11","training","train1",6.6,4,"irl-concordia",2
"198","MB12_S11","training","train2",12.52,4,"irl-concordia",1
"199","MB12_S12","ADS","ADS1",3.85,1,"irl-concordia",4
"200","MB12_S12","ADS","ADS2",1.86,1,"irl-concordia",6
"201","MB12_S12","ADS","ADS3",3.44,1,"irl-concordia",7
"202","MB12_S12","ADS","ADS4",0.99,1,"irl-concordia",10
"203","MB12_S12","ADS","ADS5",1.83,1,"irl-concordia",11
"204","MB12_S12","ADS","ADS6",1.88,1,"irl-concordia",13
"205","MB12_S12","ADS","ADS7",0,1,"irl-concordia",16
"206","MB12_S12","ADS","ADS8",0.5,1,"irl-concordia",17
"207","MB12_S12","IDS","IDS1",8.62,1,"irl-concordia",3
"208","MB12_S12","IDS","IDS2",12.06,1,"irl-concordia",5
"209","MB12_S12","IDS","IDS3",1.67,1,"irl-concordia",8
"210","MB12_S12","IDS","IDS4",2.05,1,"irl-concordia",9
"211","MB12_S12","IDS","IDS5",1.21,1,"irl-concordia",12
"212","MB12_S12","IDS","IDS6",0,1,"irl-concordia",14
"213","MB12_S12","IDS","IDS7",0.4,1,"irl-concordia",15
"214","MB12_S12","IDS","IDS8",0.12,1,"irl-concordia",18
"215","MB12_S12","training","train1",11.98,1,"irl-concordia",1
"216","MB12_S12","training","train2",3.51,1,"irl-concordia",2
"217","MB12_S13","ADS","ADS1",5.77,2,"irl-concordia",3
"218","MB12_S13","ADS","ADS2",0,2,"irl-concordia",5
"219","MB12_S13","ADS","ADS3",0.47,2,"irl-concordia",8
"220","MB12_S13","ADS","ADS4",0,2,"irl-concordia",9
"221","MB12_S13","ADS","ADS5",0,2,"irl-concordia",12
"222","MB12_S13","ADS","ADS6",0,2,"irl-concordia",14
"223","MB12_S13","ADS","ADS7",0,2,"irl-concordia",15
"224","MB12_S13","ADS","ADS8",0,2,"irl-concordia",18
"225","MB12_S13","IDS","IDS1",17.34,2,"irl-concordia",4
"226","MB12_S13","IDS","IDS2",6.79,2,"irl-concordia",6
"227","MB12_S13","IDS","IDS3",2.65,2,"irl-concordia",7
"228","MB12_S13","IDS","IDS4",0,2,"irl-concordia",10
"229","MB12_S13","IDS","IDS5",0,2,"irl-concordia",11
"230","MB12_S13","IDS","IDS6",0,2,"irl-concordia",13
"231","MB12_S13","IDS","IDS7",0,2,"irl-concordia",16
"232","MB12_S13","IDS","IDS8",0,2,"irl-concordia",17
"233","MB12_S13","training","train1",2.99,2,"irl-concordia",2
"234","MB12_S13","training","train2",8.44,2,"irl-concordia",1
"235","MB12_S14","ADS","ADS1",10.12,1,"irl-concordia",4
"236","MB12_S14","ADS","ADS2",6.28,1,"irl-concordia",6
"237","MB12_S14","ADS","ADS3",14.69,1,"irl-concordia",7
"238","MB12_S14","ADS","ADS4",1.09,1,"irl-concordia",10
"239","MB12_S14","ADS","ADS5",5.65,1,"irl-concordia",11
"240","MB12_S14","ADS","ADS6",1.75,1,"irl-concordia",13
"241","MB12_S14","ADS","ADS7",11.74,1,"irl-concordia",16
"242","MB12_S14","ADS","ADS8",5.45,1,"irl-concordia",17
"243","MB12_S14","IDS","IDS1",10.23,1,"irl-concordia",3
"244","MB12_S14","IDS","IDS2",7.36,1,"irl-concordia",5
"245","MB12_S14","IDS","IDS3",15.19,1,"irl-concordia",8
"246","MB12_S14","IDS","IDS4",8.28,1,"irl-concordia",9
"247","MB12_S14","IDS","IDS5",0,1,"irl-concordia",12
"248","MB12_S14","IDS","IDS6",3.7,1,"irl-concordia",14
"249","MB12_S14","IDS","IDS7",8.74,1,"irl-concordia",15
"250","MB12_S14","IDS","IDS8",9.92,1,"irl-concordia",18
"251","MB12_S14","training","train1",13.89,1,"irl-concordia",1
"252","MB12_S14","training","train2",8.35,1,"irl-concordia",2
"253","MB12_S15","ADS","ADS1",2.09,4,"irl-concordia",8
"254","MB12_S15","ADS","ADS2",1.1,4,"irl-concordia",12
"255","MB12_S15","ADS","ADS3",3.22,4,"irl-concordia",10
"256","MB12_S15","ADS","ADS4",3.84,4,"irl-concordia",13
"257","MB12_S15","ADS","ADS5",7.18,4,"irl-concordia",3
"258","MB12_S15","ADS","ADS6",2.8,4,"irl-concordia",15
"259","MB12_S15","ADS","ADS7",0.33,4,"irl-concordia",6
"260","MB12_S15","ADS","ADS8",5.9,4,"irl-concordia",17
"261","MB12_S15","IDS","IDS1",2.77,4,"irl-concordia",7
"262","MB12_S15","IDS","IDS2",1.72,4,"irl-concordia",11
"263","MB12_S15","IDS","IDS3",4.3,4,"irl-concordia",9
"264","MB12_S15","IDS","IDS4",9.62,4,"irl-concordia",14
"265","MB12_S15","IDS","IDS5",2.5,4,"irl-concordia",4
"266","MB12_S15","IDS","IDS6",1.74,4,"irl-concordia",16
"267","MB12_S15","IDS","IDS7",1.91,4,"irl-concordia",5
"268","MB12_S15","IDS","IDS8",6.26,4,"irl-concordia",18
"269","MB12_S15","training","train1",7.29,4,"irl-concordia",2
"270","MB12_S15","training","train2",6.99,4,"irl-concordia",1
"271","MB12_S16","ADS","ADS1",0.98,1,"irl-concordia",4
"272","MB12_S16","ADS","ADS2",6.77,1,"irl-concordia",6
"273","MB12_S16","ADS","ADS3",2.55,1,"irl-concordia",7
"274","MB12_S16","ADS","ADS4",1.2,1,"irl-concordia",10
"275","MB12_S16","ADS","ADS5",0,1,"irl-concordia",11
"276","MB12_S16","ADS","ADS6",0,1,"irl-concordia",13
"277","MB12_S16","ADS","ADS7",0,1,"irl-concordia",16
"278","MB12_S16","ADS","ADS8",0,1,"irl-concordia",17
"279","MB12_S16","IDS","IDS1",7.4,1,"irl-concordia",3
"280","MB12_S16","IDS","IDS2",6.09,1,"irl-concordia",5
"281","MB12_S16","IDS","IDS3",3.8,1,"irl-concordia",8
"282","MB12_S16","IDS","IDS4",0.27,1,"irl-concordia",9
"283","MB12_S16","IDS","IDS5",0,1,"irl-concordia",12
"284","MB12_S16","IDS","IDS6",0,1,"irl-concordia",14
"285","MB12_S16","IDS","IDS7",0,1,"irl-concordia",15
"286","MB12_S16","IDS","IDS8",0,1,"irl-concordia",18
"287","MB12_S16","training","train1",5.76,1,"irl-concordia",1
"288","MB12_S16","training","train2",1.9,1,"irl-concordia",2
"289","MB12_S17","ADS","ADS1",16.43,2,"irl-concordia",3
"290","MB12_S17","ADS","ADS2",4.33,2,"irl-concordia",5
"291","MB12_S17","ADS","ADS3",13.44,2,"irl-concordia",8
"292","MB12_S17","ADS","ADS4",4.79,2,"irl-concordia",9
"293","MB12_S17","ADS","ADS5",4.32,2,"irl-concordia",12
"294","MB12_S17","ADS","ADS6",3.01,2,"irl-concordia",14
"295","MB12_S17","ADS","ADS7",6.55,2,"irl-concordia",15
"296","MB12_S17","ADS","ADS8",3.74,2,"irl-concordia",18
"297","MB12_S17","IDS","IDS1",16.29,2,"irl-concordia",4
"298","MB12_S17","IDS","IDS2",15.44,2,"irl-concordia",6
"299","MB12_S17","IDS","IDS3",15.34,2,"irl-concordia",7
"300","MB12_S17","IDS","IDS4",5.2,2,"irl-concordia",10
"301","MB12_S17","IDS","IDS5",3.15,2,"irl-concordia",11
"302","MB12_S17","IDS","IDS6",1.76,2,"irl-concordia",13
"303","MB12_S17","IDS","IDS7",3.93,2,"irl-concordia",16
"304","MB12_S17","IDS","IDS8",7.17,2,"irl-concordia",17
"305","MB12_S17","training","train1",12.71,2,"irl-concordia",2
"306","MB12_S17","training","train2",13.03,2,"irl-concordia",1
"307","MB12_S18","ADS","ADS1",3.15,3,"irl-concordia",7
"308","MB12_S18","ADS","ADS2",4.33,3,"irl-concordia",11
"309","MB12_S18","ADS","ADS3",1.54,3,"irl-concordia",9
"310","MB12_S18","ADS","ADS4",3.53,3,"irl-concordia",14
"311","MB12_S18","ADS","ADS5",5.77,3,"irl-concordia",4
"312","MB12_S18","ADS","ADS6",0.12,3,"irl-concordia",16
"313","MB12_S18","ADS","ADS7",8.81,3,"irl-concordia",5
"314","MB12_S18","ADS","ADS8",0.39,3,"irl-concordia",18
"315","MB12_S18","IDS","IDS1",0.9,3,"irl-concordia",8
"316","MB12_S18","IDS","IDS2",0.17,3,"irl-concordia",12
"317","MB12_S18","IDS","IDS3",9.1,3,"irl-concordia",10
"318","MB12_S18","IDS","IDS4",0.75,3,"irl-concordia",13
"319","MB12_S18","IDS","IDS5",10.03,3,"irl-concordia",3
"320","MB12_S18","IDS","IDS6",2.15,3,"irl-concordia",15
"321","MB12_S18","IDS","IDS7",10.73,3,"irl-concordia",6
"322","MB12_S18","IDS","IDS8",0,3,"irl-concordia",17
"323","MB12_S18","training","train1",18.07,3,"irl-concordia",1
"324","MB12_S18","training","train2",17.18,3,"irl-concordia",2
"325","MB12_S19","ADS","ADS1",4.47,1,"irl-concordia",4
"326","MB12_S19","ADS","ADS2",4.31,1,"irl-concordia",6
"327","MB12_S19","ADS","ADS3",9.18,1,"irl-concordia",7
"328","MB12_S19","ADS","ADS4",2.51,1,"irl-concordia",10
"329","MB12_S19","ADS","ADS5",5.75,1,"irl-concordia",11
"330","MB12_S19","ADS","ADS6",13.28,1,"irl-concordia",13
"331","MB12_S19","ADS","ADS7",12.48,1,"irl-concordia",16
"332","MB12_S19","ADS","ADS8",12.53,1,"irl-concordia",17
"333","MB12_S19","IDS","IDS1",16.45,1,"irl-concordia",3
"334","MB12_S19","IDS","IDS2",15.45,1,"irl-concordia",5
"335","MB12_S19","IDS","IDS3",5.64,1,"irl-concordia",8
"336","MB12_S19","IDS","IDS4",7.28,1,"irl-concordia",9
"337","MB12_S19","IDS","IDS5",16.41,1,"irl-concordia",12
"338","MB12_S19","IDS","IDS6",14.8,1,"irl-concordia",14
"339","MB12_S19","IDS","IDS7",16.21,1,"irl-concordia",15
"340","MB12_S19","IDS","IDS8",10.92,1,"irl-concordia",18
"341","MB12_S19","training","train1",17.15,1,"irl-concordia",1
"342","MB12_S19","training","train2",13.77,1,"irl-concordia",2
"343","MB12_S20","ADS","ADS1",10.87,2,"irl-concordia",3
"344","MB12_S20","ADS","ADS2",1.4,2,"irl-concordia",5
"345","MB12_S20","ADS","ADS3",1.86,2,"irl-concordia",8
"346","MB12_S20","ADS","ADS4",12.06,2,"irl-concordia",9
"347","MB12_S20","ADS","ADS5",0,2,"irl-concordia",12
"348","MB12_S20","ADS","ADS6",0,2,"irl-concordia",14
"349","MB12_S20","ADS","ADS7",0,2,"irl-concordia",15
"350","MB12_S20","ADS","ADS8",0,2,"irl-concordia",18
"351","MB12_S20","IDS","IDS1",13.72,2,"irl-concordia",4
"352","MB12_S20","IDS","IDS2",4.6,2,"irl-concordia",6
"353","MB12_S20","IDS","IDS3",5.15,2,"irl-concordia",7
"354","MB12_S20","IDS","IDS4",4.21,2,"irl-concordia",10
"355","MB12_S20","IDS","IDS5",0,2,"irl-concordia",11
"356","MB12_S20","IDS","IDS6",0,2,"irl-concordia",13
"357","MB12_S20","IDS","IDS7",0,2,"irl-concordia",16
"358","MB12_S20","IDS","IDS8",0,2,"irl-concordia",17
"359","MB12_S20","training","train1",16.2,2,"irl-concordia",2
"360","MB12_S20","training","train2",16.73,2,"irl-concordia",1
"361","MB12_S21","ADS","ADS1",2.71,4,"irl-concordia",8
"362","MB12_S21","ADS","ADS2",0.72,4,"irl-concordia",12
"363","MB12_S21","ADS","ADS3",5.88,4,"irl-concordia",10
"364","MB12_S21","ADS","ADS4",6.78,4,"irl-concordia",13
"365","MB12_S21","ADS","ADS5",13.44,4,"irl-concordia",3
"366","MB12_S21","ADS","ADS6",6.6,4,"irl-concordia",15
"367","MB12_S21","ADS","ADS7",5.67,4,"irl-concordia",6
"368","MB12_S21","ADS","ADS8",3.06,4,"irl-concordia",17
"369","MB12_S21","IDS","IDS1",10.79,4,"irl-concordia",7
"370","MB12_S21","IDS","IDS2",1.43,4,"irl-concordia",11
"371","MB12_S21","IDS","IDS3",1.6,4,"irl-concordia",9
"372","MB12_S21","IDS","IDS4",1.54,4,"irl-concordia",14
"373","MB12_S21","IDS","IDS5",15.59,4,"irl-concordia",4
"374","MB12_S21","IDS","IDS6",12.47,4,"irl-concordia",16
"375","MB12_S21","IDS","IDS7",2.84,4,"irl-concordia",5
"376","MB12_S21","IDS","IDS8",1.33,4,"irl-concordia",18
"377","MB12_S21","training","train1",11.86,4,"irl-concordia",2
"378","MB12_S21","training","train2",14.75,4,"irl-concordia",1
"379","MB12_S22","ADS","ADS1",9.18,2,"irl-concordia",3
"380","MB12_S22","ADS","ADS2",4.2,2,"irl-concordia",5
"381","MB12_S22","ADS","ADS3",4.32,2,"irl-concordia",8
"382","MB12_S22","ADS","ADS4",3.11,2,"irl-concordia",9
"383","MB12_S22","ADS","ADS5",2.35,2,"irl-concordia",12
"384","MB12_S22","ADS","ADS6",1.12,2,"irl-concordia",14
"385","MB12_S22","ADS","ADS7",0.9,2,"irl-concordia",15
"386","MB12_S22","ADS","ADS8",0.61,2,"irl-concordia",18
"387","MB12_S22","IDS","IDS1",2.93,2,"irl-concordia",4
"388","MB12_S22","IDS","IDS2",7.6,2,"irl-concordia",6
"389","MB12_S22","IDS","IDS3",3.55,2,"irl-concordia",7
"390","MB12_S22","IDS","IDS4",2.53,2,"irl-concordia",10
"391","MB12_S22","IDS","IDS5",2.98,2,"irl-concordia",11
"392","MB12_S22","IDS","IDS6",2.55,2,"irl-concordia",13
"393","MB12_S22","IDS","IDS7",1.27,2,"irl-concordia",16
"394","MB12_S22","IDS","IDS8",1.38,2,"irl-concordia",17
"395","MB12_S22","training","train1",1.15,2,"irl-concordia",2
"396","MB12_S22","training","train2",6.71,2,"irl-concordia",1
"397","MB12_S23","ADS","ADS1",0.32,3,"irl-concordia",7
"398","MB12_S23","ADS","ADS2",0,3,"irl-concordia",11
"399","MB12_S23","ADS","ADS3",0,3,"irl-concordia",9
"400","MB12_S23","ADS","ADS4",2.56,3,"irl-concordia",14
"401","MB12_S23","ADS","ADS5",2.81,3,"irl-concordia",4
"402","MB12_S23","ADS","ADS6",3.83,3,"irl-concordia",16
"403","MB12_S23","ADS","ADS7",3.19,3,"irl-concordia",5
"404","MB12_S23","ADS","ADS8",1.38,3,"irl-concordia",18
"405","MB12_S23","IDS","IDS1",0,3,"irl-concordia",8
"406","MB12_S23","IDS","IDS2",0,3,"irl-concordia",12
"407","MB12_S23","IDS","IDS3",1.48,3,"irl-concordia",10
"408","MB12_S23","IDS","IDS4",0,3,"irl-concordia",13
"409","MB12_S23","IDS","IDS5",0,3,"irl-concordia",3
"410","MB12_S23","IDS","IDS6",5.73,3,"irl-concordia",15
"411","MB12_S23","IDS","IDS7",0,3,"irl-concordia",6
"412","MB12_S23","IDS","IDS8",0.76,3,"irl-concordia",17
"413","MB12_S23","training","train1",1.35,3,"irl-concordia",1
"414","MB12_S23","training","train2",5.02,3,"irl-concordia",2
"415","MB12_S24","ADS","ADS1",16.43,2,"irl-concordia",3
"416","MB12_S24","ADS","ADS2",3.74,2,"irl-concordia",5
"417","MB12_S24","ADS","ADS3",1.28,2,"irl-concordia",8
"418","MB12_S24","ADS","ADS4",1.56,2,"irl-concordia",9
"419","MB12_S24","ADS","ADS5",4.06,2,"irl-concordia",12
"420","MB12_S24","ADS","ADS6",8.97,2,"irl-concordia",14
"421","MB12_S24","ADS","ADS7",6.33,2,"irl-concordia",15
"422","MB12_S24","ADS","ADS8",3.13,2,"irl-concordia",18
"423","MB12_S24","IDS","IDS1",17.46,2,"irl-concordia",4
"424","MB12_S24","IDS","IDS2",17.98,2,"irl-concordia",6
"425","MB12_S24","IDS","IDS3",5.69,2,"irl-concordia",7
"426","MB12_S24","IDS","IDS4",2.73,2,"irl-concordia",10
"427","MB12_S24","IDS","IDS5",4.26,2,"irl-concordia",11
"428","MB12_S24","IDS","IDS6",6.81,2,"irl-concordia",13
"429","MB12_S24","IDS","IDS7",0.95,2,"irl-concordia",16
"430","MB12_S24","IDS","IDS8",2.21,2,"irl-concordia",17
"431","MB12_S24","training","train1",17.51,2,"irl-concordia",2
"432","MB12_S24","training","train2",18.05,2,"irl-concordia",1
"433","MB12_S25","ADS","ADS1",10.66,2,"irl-concordia",3
"434","MB12_S25","ADS","ADS2",5.68,2,"irl-concordia",5
"435","MB12_S25","ADS","ADS3",7.15,2,"irl-concordia",8
"436","MB12_S25","ADS","ADS4",1.53,2,"irl-concordia",9
"437","MB12_S25","ADS","ADS5",4.41,2,"irl-concordia",12
"438","MB12_S25","ADS","ADS6",0,2,"irl-concordia",14
"439","MB12_S25","ADS","ADS7",0.27,2,"irl-concordia",15
"440","MB12_S25","ADS","ADS8",0.58,2,"irl-concordia",18
"441","MB12_S25","IDS","IDS1",5.75,2,"irl-concordia",4
"442","MB12_S25","IDS","IDS2",2.48,2,"irl-concordia",6
"443","MB12_S25","IDS","IDS3",1.65,2,"irl-concordia",7
"444","MB12_S25","IDS","IDS4",1.2,2,"irl-concordia",10
"445","MB12_S25","IDS","IDS5",4.73,2,"irl-concordia",11
"446","MB12_S25","IDS","IDS6",0.48,2,"irl-concordia",13
"447","MB12_S25","IDS","IDS7",0.47,2,"irl-concordia",16
"448","MB12_S25","IDS","IDS8",0.68,2,"irl-concordia",17
"449","MB12_S25","training","train1",16.11,2,"irl-concordia",2
"450","MB12_S25","training","train2",5.8,2,"irl-concordia",1
"451","MB12_S26","ADS","ADS1",16.94,2,"irl-concordia",3
"452","MB12_S26","ADS","ADS2",12.92,2,"irl-concordia",5
"453","MB12_S26","ADS","ADS3",5.48,2,"irl-concordia",8
"454","MB12_S26","ADS","ADS4",6.55,2,"irl-concordia",9
"455","MB12_S26","ADS","ADS5",4.79,2,"irl-concordia",12
"456","MB12_S26","ADS","ADS6",10.42,2,"irl-concordia",14
"457","MB12_S26","ADS","ADS7",1.86,2,"irl-concordia",15
"458","MB12_S26","ADS","ADS8",1.92,2,"irl-concordia",18
"459","MB12_S26","IDS","IDS1",17.59,2,"irl-concordia",4
"460","MB12_S26","IDS","IDS2",14.13,2,"irl-concordia",6
"461","MB12_S26","IDS","IDS3",12.37,2,"irl-concordia",7
"462","MB12_S26","IDS","IDS4",14.88,2,"irl-concordia",10
"463","MB12_S26","IDS","IDS5",9.1,2,"irl-concordia",11
"464","MB12_S26","IDS","IDS6",8.9,2,"irl-concordia",13
"465","MB12_S26","IDS","IDS7",0.88,2,"irl-concordia",16
"466","MB12_S26","IDS","IDS8",3.7,2,"irl-concordia",17
"467","MB12_S26","training","train1",12.27,2,"irl-concordia",2
"468","MB12_S26","training","train2",11.54,2,"irl-concordia",1
"469","MB12_S27","ADS","ADS1",15.09,4,"irl-concordia",8
"470","MB12_S27","ADS","ADS2",4.11,4,"irl-concordia",12
"471","MB12_S27","ADS","ADS3",4.11,4,"irl-concordia",10
"472","MB12_S27","ADS","ADS4",6.33,4,"irl-concordia",13
"473","MB12_S27","ADS","ADS5",14.38,4,"irl-concordia",3
"474","MB12_S27","ADS","ADS6",13.81,4,"irl-concordia",15
"475","MB12_S27","ADS","ADS7",16.33,4,"irl-concordia",6
"476","MB12_S27","ADS","ADS8",4.24,4,"irl-concordia",17
"477","MB12_S27","IDS","IDS1",17.03,4,"irl-concordia",7
"478","MB12_S27","IDS","IDS2",12.1,4,"irl-concordia",11
"479","MB12_S27","IDS","IDS3",16.17,4,"irl-concordia",9
"480","MB12_S27","IDS","IDS4",7.34,4,"irl-concordia",14
"481","MB12_S27","IDS","IDS5",10.44,4,"irl-concordia",4
"482","MB12_S27","IDS","IDS6",3.6,4,"irl-concordia",16
"483","MB12_S27","IDS","IDS7",17.47,4,"irl-concordia",5
"484","MB12_S27","IDS","IDS8",1.43,4,"irl-concordia",18
"485","MB12_S27","training","train1",9.85,4,"irl-concordia",2
"486","MB12_S27","training","train2",16.99,4,"irl-concordia",1
"487","MB12_S28","ADS","ADS1",5.21,2,"irl-concordia",3
"488","MB12_S28","ADS","ADS2",2.73,2,"irl-concordia",5
"489","MB12_S28","ADS","ADS3",0,2,"irl-concordia",8
"490","MB12_S28","ADS","ADS4",0,2,"irl-concordia",9
"491","MB12_S28","ADS","ADS5",0,2,"irl-concordia",12
"492","MB12_S28","ADS","ADS6",0,2,"irl-concordia",14
"493","MB12_S28","ADS","ADS7",0,2,"irl-concordia",15
"494","MB12_S28","ADS","ADS8",0,2,"irl-concordia",18
"495","MB12_S28","IDS","IDS1",15.28,2,"irl-concordia",4
"496","MB12_S28","IDS","IDS2",1.76,2,"irl-concordia",6
"497","MB12_S28","IDS","IDS3",1.1,2,"irl-concordia",7
"498","MB12_S28","IDS","IDS4",0,2,"irl-concordia",10
"499","MB12_S28","IDS","IDS5",0,2,"irl-concordia",11
"500","MB12_S28","IDS","IDS6",0,2,"irl-concordia",13
"501","MB12_S28","IDS","IDS7",0,2,"irl-concordia",16
"502","MB12_S28","IDS","IDS8",0,2,"irl-concordia",17
"503","MB12_S28","training","train1",2.57,2,"irl-concordia",2
"504","MB12_S28","training","train2",6.87,2,"irl-concordia",1
"505","MB12_S29","ADS","ADS1",1.44,3,"irl-concordia",7
"506","MB12_S29","ADS","ADS2",3.06,3,"irl-concordia",11
"507","MB12_S29","ADS","ADS3",10.1,3,"irl-concordia",9
"508","MB12_S29","ADS","ADS4",4.74,3,"irl-concordia",14
"509","MB12_S29","ADS","ADS5",9.22,3,"irl-concordia",4
"510","MB12_S29","ADS","ADS6",1.83,3,"irl-concordia",16
"511","MB12_S29","ADS","ADS7",10.48,3,"irl-concordia",5
"512","MB12_S29","ADS","ADS8",3.7,3,"irl-concordia",18
"513","MB12_S29","IDS","IDS1",14.37,3,"irl-concordia",8
"514","MB12_S29","IDS","IDS2",5.37,3,"irl-concordia",12
"515","MB12_S29","IDS","IDS3",17.91,3,"irl-concordia",10
"516","MB12_S29","IDS","IDS4",6.22,3,"irl-concordia",13
"517","MB12_S29","IDS","IDS5",17.95,3,"irl-concordia",3
"518","MB12_S29","IDS","IDS6",1.33,3,"irl-concordia",15
"519","MB12_S29","IDS","IDS7",6.46,3,"irl-concordia",6
"520","MB12_S29","IDS","IDS8",17.72,3,"irl-concordia",17
"521","MB12_S29","training","train1",16.54,3,"irl-concordia",1
"522","MB12_S29","training","train2",6.54,3,"irl-concordia",2
"523","MB12_S30","ADS","ADS1",4.35,4,"irl-concordia",8
"524","MB12_S30","ADS","ADS2",3.8,4,"irl-concordia",12
"525","MB12_S30","ADS","ADS3",1.71,4,"irl-concordia",10
"526","MB12_S30","ADS","ADS4",2.53,4,"irl-concordia",13
"527","MB12_S30","ADS","ADS5",17.88,4,"irl-concordia",3
"528","MB12_S30","ADS","ADS6",4.88,4,"irl-concordia",15
"529","MB12_S30","ADS","ADS7",7.62,4,"irl-concordia",6
"530","MB12_S30","ADS","ADS8",2.86,4,"irl-concordia",17
"531","MB12_S30","IDS","IDS1",0,4,"irl-concordia",7
"532","MB12_S30","IDS","IDS2",4.98,4,"irl-concordia",11
"533","MB12_S30","IDS","IDS3",1.77,4,"irl-concordia",9
"534","MB12_S30","IDS","IDS4",4.09,4,"irl-concordia",14
"535","MB12_S30","IDS","IDS5",16.96,4,"irl-concordia",4
"536","MB12_S30","IDS","IDS6",2.09,4,"irl-concordia",16
"537","MB12_S30","IDS","IDS7",17.49,4,"irl-concordia",5
"538","MB12_S30","IDS","IDS8",0,4,"irl-concordia",18
"539","MB12_S30","training","train1",12.68,4,"irl-concordia",2
"540","MB12_S30","training","train2",16.99,4,"irl-concordia",1
"541","MB12_S31","ADS","ADS1",3.95,3,"irl-concordia",7
"542","MB12_S31","ADS","ADS2",14.71,3,"irl-concordia",11
"543","MB12_S31","ADS","ADS3",3.1,3,"irl-concordia",9
"544","MB12_S31","ADS","ADS4",3.43,3,"irl-concordia",14
"545","MB12_S31","ADS","ADS5",5.2,3,"irl-concordia",4
"546","MB12_S31","ADS","ADS6",1.75,3,"irl-concordia",16
"547","MB12_S31","ADS","ADS7",2.9,3,"irl-concordia",5
"548","MB12_S31","ADS","ADS8",4.66,3,"irl-concordia",18
"549","MB12_S31","IDS","IDS1",3.58,3,"irl-concordia",8
"550","MB12_S31","IDS","IDS2",7.01,3,"irl-concordia",12
"551","MB12_S31","IDS","IDS3",14.31,3,"irl-concordia",10
"552","MB12_S31","IDS","IDS4",2.03,3,"irl-concordia",13
"553","MB12_S31","IDS","IDS5",6.99,3,"irl-concordia",3
"554","MB12_S31","IDS","IDS6",1.27,3,"irl-concordia",15
"555","MB12_S31","IDS","IDS7",3.5,3,"irl-concordia",6
"556","MB12_S31","IDS","IDS8",2.23,3,"irl-concordia",17
"557","MB12_S31","training","train1",2.63,3,"irl-concordia",1
"558","MB12_S31","training","train2",0.71,3,"irl-concordia",2
"559","MB12_S32","ADS","ADS1",0.57,3,"irl-concordia",7
"560","MB12_S32","ADS","ADS2",2.88,3,"irl-concordia",11
"561","MB12_S32","ADS","ADS3",1.96,3,"irl-concordia",9
"562","MB12_S32","ADS","ADS4",14.61,3,"irl-concordia",14
"563","MB12_S32","ADS","ADS5",3,3,"irl-concordia",4
"564","MB12_S32","ADS","ADS6",2.17,3,"irl-concordia",16
"565","MB12_S32","ADS","ADS7",1.88,3,"irl-concordia",5
"566","MB12_S32","ADS","ADS8",0.93,3,"irl-concordia",18
"567","MB12_S32","IDS","IDS1",4.42,3,"irl-concordia",8
"568","MB12_S32","IDS","IDS2",5.45,3,"irl-concordia",12
"569","MB12_S32","IDS","IDS3",17.25,3,"irl-concordia",10
"570","MB12_S32","IDS","IDS4",5.99,3,"irl-concordia",13
"571","MB12_S32","IDS","IDS5",17.46,3,"irl-concordia",3
"572","MB12_S32","IDS","IDS6",0,3,"irl-concordia",15
"573","MB12_S32","IDS","IDS7",15.03,3,"irl-concordia",6
"574","MB12_S32","IDS","IDS8",0,3,"irl-concordia",17
"575","MB12_S32","training","train1",7.9,3,"irl-concordia",1
"576","MB12_S32","training","train2",2.61,3,"irl-concordia",2
"577","MB12_S33","ADS","ADS1",2.08,4,"irl-concordia",8
"578","MB12_S33","ADS","ADS2",0,4,"irl-concordia",12
"579","MB12_S33","ADS","ADS3",1.2,4,"irl-concordia",10
"580","MB12_S33","ADS","ADS4",0,4,"irl-concordia",13
"581","MB12_S33","ADS","ADS5",4.96,4,"irl-concordia",3
"582","MB12_S33","ADS","ADS6",0,4,"irl-concordia",15
"583","MB12_S33","ADS","ADS7",3.62,4,"irl-concordia",6
"584","MB12_S33","ADS","ADS8",0,4,"irl-concordia",17
"585","MB12_S33","IDS","IDS1",0.68,4,"irl-concordia",7
"586","MB12_S33","IDS","IDS2",0,4,"irl-concordia",11
"587","MB12_S33","IDS","IDS3",0,4,"irl-concordia",9
"588","MB12_S33","IDS","IDS4",0,4,"irl-concordia",14
"589","MB12_S33","IDS","IDS5",3.62,4,"irl-concordia",4
"590","MB12_S33","IDS","IDS6",0,4,"irl-concordia",16
"591","MB12_S33","IDS","IDS7",6.94,4,"irl-concordia",5
"592","MB12_S33","IDS","IDS8",0,4,"irl-concordia",18
"593","MB12_S33","training","train1",18.05,4,"irl-concordia",2
"594","MB12_S33","training","train2",7.84,4,"irl-concordia",1
"595","MB12_S34","ADS","ADS1",4.57,1,"irl-concordia",4
"596","MB12_S34","ADS","ADS2",2.1,1,"irl-concordia",6
"597","MB12_S34","ADS","ADS3",0.82,1,"irl-concordia",7
"598","MB12_S34","ADS","ADS4",2.23,1,"irl-concordia",10
"599","MB12_S34","ADS","ADS5",2.88,1,"irl-concordia",11
"600","MB12_S34","ADS","ADS6",1.15,1,"irl-concordia",13
"601","MB12_S34","ADS","ADS7",1.67,1,"irl-concordia",16
"602","MB12_S34","ADS","ADS8",2.38,1,"irl-concordia",17
"603","MB12_S34","IDS","IDS1",11.22,1,"irl-concordia",3
"604","MB12_S34","IDS","IDS2",1.82,1,"irl-concordia",5
"605","MB12_S34","IDS","IDS3",2.48,1,"irl-concordia",8
"606","MB12_S34","IDS","IDS4",3.63,1,"irl-concordia",9
"607","MB12_S34","IDS","IDS5",9.79,1,"irl-concordia",12
"608","MB12_S34","IDS","IDS6",1.74,1,"irl-concordia",14
"609","MB12_S34","IDS","IDS7",0,1,"irl-concordia",15
"610","MB12_S34","IDS","IDS8",1.04,1,"irl-concordia",18
"611","MB12_S34","training","train1",15.67,1,"irl-concordia",1
"612","MB12_S34","training","train2",11.02,1,"irl-concordia",2
"613","MB12_S35","ADS","ADS1",2.98,1,"irl-concordia",4
"614","MB12_S35","ADS","ADS2",4.89,1,"irl-concordia",6
"615","MB12_S35","ADS","ADS3",9.63,1,"irl-concordia",7
"616","MB12_S35","ADS","ADS4",2.33,1,"irl-concordia",10
"617","MB12_S35","ADS","ADS5",9.11,1,"irl-concordia",11
"618","MB12_S35","ADS","ADS6",4.89,1,"irl-concordia",13
"619","MB12_S35","ADS","ADS7",2.3,1,"irl-concordia",16
"620","MB12_S35","ADS","ADS8",6.09,1,"irl-concordia",17
"621","MB12_S35","IDS","IDS1",12.16,1,"irl-concordia",3
"622","MB12_S35","IDS","IDS2",0.73,1,"irl-concordia",5
"623","MB12_S35","IDS","IDS3",3.65,1,"irl-concordia",8
"624","MB12_S35","IDS","IDS4",5.78,1,"irl-concordia",9
"625","MB12_S35","IDS","IDS5",8.84,1,"irl-concordia",12
"626","MB12_S35","IDS","IDS6",15.38,1,"irl-concordia",14
"627","MB12_S35","IDS","IDS7",0.63,1,"irl-concordia",15
"628","MB12_S35","IDS","IDS8",9.81,1,"irl-concordia",18
"629","MB12_S35","training","train1",17.95,1,"irl-concordia",1
"630","MB12_S35","training","train2",10.29,1,"irl-concordia",2
"631","MB12_S36","ADS","ADS1",13.51,2,"irl-concordia",3
"632","MB12_S36","ADS","ADS2",11.66,2,"irl-concordia",5
"633","MB12_S36","ADS","ADS3",4.31,2,"irl-concordia",8
"634","MB12_S36","ADS","ADS4",7.61,2,"irl-concordia",9
"635","MB12_S36","ADS","ADS5",2.29,2,"irl-concordia",12
"636","MB12_S36","ADS","ADS6",2.53,2,"irl-concordia",14
"637","MB12_S36","ADS","ADS7",0.52,2,"irl-concordia",15
"638","MB12_S36","ADS","ADS8",2.81,2,"irl-concordia",18
"639","MB12_S36","IDS","IDS1",16.19,2,"irl-concordia",4
"640","MB12_S36","IDS","IDS2",9.96,2,"irl-concordia",6
"641","MB12_S36","IDS","IDS3",11.42,2,"irl-concordia",7
"642","MB12_S36","IDS","IDS4",2.92,2,"irl-concordia",10
"643","MB12_S36","IDS","IDS5",8.61,2,"irl-concordia",11
"644","MB12_S36","IDS","IDS6",9.21,2,"irl-concordia",13
"645","MB12_S36","IDS","IDS7",13.21,2,"irl-concordia",16
"646","MB12_S36","IDS","IDS8",10.58,2,"irl-concordia",17
"647","MB12_S36","training","train1",12.2,2,"irl-concordia",2
"648","MB12_S36","training","train2",17.14,2,"irl-concordia",1
"649","MB12_S37","ADS","ADS1",3.45,4,"irl-concordia",8
"650","MB12_S37","ADS","ADS2",3.85,4,"irl-concordia",12
"651","MB12_S37","ADS","ADS3",3.33,4,"irl-concordia",10
"652","MB12_S37","ADS","ADS4",0.21,4,"irl-concordia",13
"653","MB12_S37","ADS","ADS5",7.11,4,"irl-concordia",3
"654","MB12_S37","ADS","ADS6",0.73,4,"irl-concordia",15
"655","MB12_S37","ADS","ADS7",8.06,4,"irl-concordia",6
"656","MB12_S37","ADS","ADS8",0,4,"irl-concordia",17
"657","MB12_S37","IDS","IDS1",17.35,4,"irl-concordia",7
"658","MB12_S37","IDS","IDS2",1.08,4,"irl-concordia",11
"659","MB12_S37","IDS","IDS3",2.88,4,"irl-concordia",9
"660","MB12_S37","IDS","IDS4",0,4,"irl-concordia",14
"661","MB12_S37","IDS","IDS5",2.92,4,"irl-concordia",4
"662","MB12_S37","IDS","IDS6",0,4,"irl-concordia",16
"663","MB12_S37","IDS","IDS7",7.99,4,"irl-concordia",5
"664","MB12_S37","IDS","IDS8",0,4,"irl-concordia",18
"665","MB12_S37","training","train1",2.37,4,"irl-concordia",2
"666","MB12_S37","training","train2",4.59,4,"irl-concordia",1
"667","MB12_S38","ADS","ADS1",5.06,3,"irl-concordia",7
"668","MB12_S38","ADS","ADS2",2.32,3,"irl-concordia",11
"669","MB12_S38","ADS","ADS3",3.3,3,"irl-concordia",9
"670","MB12_S38","ADS","ADS4",4.3,3,"irl-concordia",14
"671","MB12_S38","ADS","ADS5",3.74,3,"irl-concordia",4
"672","MB12_S38","ADS","ADS6",3.31,3,"irl-concordia",16
"673","MB12_S38","ADS","ADS7",4.58,3,"irl-concordia",5
"674","MB12_S38","ADS","ADS8",5.74,3,"irl-concordia",18
"675","MB12_S38","IDS","IDS1",3.75,3,"irl-concordia",8
"676","MB12_S38","IDS","IDS2",1.89,3,"irl-concordia",12
"677","MB12_S38","IDS","IDS3",2.15,3,"irl-concordia",10
"678","MB12_S38","IDS","IDS4",3.27,3,"irl-concordia",13
"679","MB12_S38","IDS","IDS5",6.25,3,"irl-concordia",3
"680","MB12_S38","IDS","IDS6",2.96,3,"irl-concordia",15
"681","MB12_S38","IDS","IDS7",2.36,3,"irl-concordia",6
"682","MB12_S38","IDS","IDS8",2.54,3,"irl-concordia",17
"683","MB12_S38","training","train1",16.94,3,"irl-concordia",1
"684","MB12_S38","training","train2",7.08,3,"irl-concordia",2
"685","MB12_S39","ADS","ADS1",3.73,1,"irl-concordia",4
"686","MB12_S39","ADS","ADS2",4.9,1,"irl-concordia",6
"687","MB12_S39","ADS","ADS3",10.98,1,"irl-concordia",7
"688","MB12_S39","ADS","ADS4",7.91,1,"irl-concordia",10
"689","MB12_S39","ADS","ADS5",3.76,1,"irl-concordia",11
"690","MB12_S39","ADS","ADS6",1.13,1,"irl-concordia",13
"691","MB12_S39","ADS","ADS7",2.68,1,"irl-concordia",16
"692","MB12_S39","ADS","ADS8",4.23,1,"irl-concordia",17
"693","MB12_S39","IDS","IDS1",16.11,1,"irl-concordia",3
"694","MB12_S39","IDS","IDS2",13.61,1,"irl-concordia",5
"695","MB12_S39","IDS","IDS3",8.01,1,"irl-concordia",8
"696","MB12_S39","IDS","IDS4",0.22,1,"irl-concordia",9
"697","MB12_S39","IDS","IDS5",3.89,1,"irl-concordia",12
"698","MB12_S39","IDS","IDS6",2.63,1,"irl-concordia",14
"699","MB12_S39","IDS","IDS7",4.95,1,"irl-concordia",15
"700","MB12_S39","IDS","IDS8",0.02,1,"irl-concordia",18
"701","MB12_S39","training","train1",11.41,1,"irl-concordia",1
"702","MB12_S39","training","train2",3.85,1,"irl-concordia",2
"703","MB12_S40","ADS","ADS1",0,4,"irl-concordia",8
"704","MB12_S40","ADS","ADS2",0,4,"irl-concordia",12
"705","MB12_S40","ADS","ADS3",0,4,"irl-concordia",10
"706","MB12_S40","ADS","ADS4",0,4,"irl-concordia",13
"707","MB12_S40","ADS","ADS5",8.36,4,"irl-concordia",3
"708","MB12_S40","ADS","ADS6",0,4,"irl-concordia",15
"709","MB12_S40","ADS","ADS7",0,4,"irl-concordia",6
"710","MB12_S40","ADS","ADS8",0,4,"irl-concordia",17
"711","MB12_S40","IDS","IDS1",0,4,"irl-concordia",7
"712","MB12_S40","IDS","IDS2",0,4,"irl-concordia",11
"713","MB12_S40","IDS","IDS3",0,4,"irl-concordia",9
"714","MB12_S40","IDS","IDS4",0,4,"irl-concordia",14
"715","MB12_S40","IDS","IDS5",3.21,4,"irl-concordia",4
"716","MB12_S40","IDS","IDS6",0,4,"irl-concordia",16
"717","MB12_S40","IDS","IDS7",0,4,"irl-concordia",5
"718","MB12_S40","IDS","IDS8",0,4,"irl-concordia",18
"719","MB12_S40","training","train1",9.2,4,"irl-concordia",2
"720","MB12_S40","training","train2",13.54,4,"irl-concordia",1
"721","MB12_S41","ADS","ADS1",0,4,"irl-concordia",8
"722","MB12_S41","ADS","ADS2",0,4,"irl-concordia",12
"723","MB12_S41","ADS","ADS3",0,4,"irl-concordia",10
"724","MB12_S41","ADS","ADS4",0,4,"irl-concordia",13
"725","MB12_S41","ADS","ADS5",0,4,"irl-concordia",3
"726","MB12_S41","ADS","ADS6",0,4,"irl-concordia",15
"727","MB12_S41","ADS","ADS7",0,4,"irl-concordia",6
"728","MB12_S41","ADS","ADS8",0,4,"irl-concordia",17
"729","MB12_S41","IDS","IDS1",0,4,"irl-concordia",7
"730","MB12_S41","IDS","IDS2",0,4,"irl-concordia",11
"731","MB12_S41","IDS","IDS3",0,4,"irl-concordia",9
"732","MB12_S41","IDS","IDS4",0,4,"irl-concordia",14
"733","MB12_S41","IDS","IDS5",0,4,"irl-concordia",4
"734","MB12_S41","IDS","IDS6",0,4,"irl-concordia",16
"735","MB12_S41","IDS","IDS7",0,4,"irl-concordia",5
"736","MB12_S41","IDS","IDS8",0,4,"irl-concordia",18
"737","MB12_S41","training","train1",0,4,"irl-concordia",2
"738","MB12_S41","training","train2",0.13,4,"irl-concordia",1
"739","MB12_S42","ADS","ADS1",2.55,1,"irl-concordia",4
"740","MB12_S42","ADS","ADS2",3.96,1,"irl-concordia",6
"741","MB12_S42","ADS","ADS3",0.42,1,"irl-concordia",7
"742","MB12_S42","ADS","ADS4",0.82,1,"irl-concordia",10
"743","MB12_S42","ADS","ADS5",0.97,1,"irl-concordia",11
"744","MB12_S42","ADS","ADS6",0,1,"irl-concordia",13
"745","MB12_S42","ADS","ADS7",0.48,1,"irl-concordia",16
"746","MB12_S42","ADS","ADS8",0,1,"irl-concordia",17
"747","MB12_S42","IDS","IDS1",2.76,1,"irl-concordia",3
"748","MB12_S42","IDS","IDS2",1.85,1,"irl-concordia",5
"749","MB12_S42","IDS","IDS3",0.68,1,"irl-concordia",8
"750","MB12_S42","IDS","IDS4",0.03,1,"irl-concordia",9
"751","MB12_S42","IDS","IDS5",0.63,1,"irl-concordia",12
"752","MB12_S42","IDS","IDS6",0.35,1,"irl-concordia",14
"753","MB12_S42","IDS","IDS7",0.33,1,"irl-concordia",15
"754","MB12_S42","IDS","IDS8",0.42,1,"irl-concordia",18
"755","MB12_S42","training","train1",6.24,1,"irl-concordia",1
"756","MB12_S42","training","train2",4.75,1,"irl-concordia",2
"757","MB12_S43","ADS","ADS1",4,4,"irl-concordia",8
"758","MB12_S43","ADS","ADS2",2.08,4,"irl-concordia",12
"759","MB12_S43","ADS","ADS3",6.96,4,"irl-concordia",10
"760","MB12_S43","ADS","ADS4",4.21,4,"irl-concordia",13
"761","MB12_S43","ADS","ADS5",11.74,4,"irl-concordia",3
"762","MB12_S43","ADS","ADS6",1.62,4,"irl-concordia",15
"763","MB12_S43","ADS","ADS7",4.03,4,"irl-concordia",6
"764","MB12_S43","ADS","ADS8",1.13,4,"irl-concordia",17
"765","MB12_S43","IDS","IDS1",11.66,4,"irl-concordia",7
"766","MB12_S43","IDS","IDS2",7.39,4,"irl-concordia",11
"767","MB12_S43","IDS","IDS3",14.58,4,"irl-concordia",9
"768","MB12_S43","IDS","IDS4",0,4,"irl-concordia",14
"769","MB12_S43","IDS","IDS5",1.27,4,"irl-concordia",4
"770","MB12_S43","IDS","IDS6",3.61,4,"irl-concordia",16
"771","MB12_S43","IDS","IDS7",3.25,4,"irl-concordia",5
"772","MB12_S43","IDS","IDS8",2.75,4,"irl-concordia",18
"773","MB12_S43","training","train1",11.79,4,"irl-concordia",2
"774","MB12_S43","training","train2",4.93,4,"irl-concordia",1
"775","MB6_S01","ADS","ADS1",14.91,1,"irl-concordia",4
"776","MB6_S01","ADS","ADS2",6.23,1,"irl-concordia",6
"777","MB6_S01","ADS","ADS3",5.01,1,"irl-concordia",7
"778","MB6_S01","ADS","ADS4",4.21,1,"irl-concordia",10
"779","MB6_S01","ADS","ADS5",5.61,1,"irl-concordia",11
"780","MB6_S01","ADS","ADS6",2.83,1,"irl-concordia",13
"781","MB6_S01","ADS","ADS7",3.01,1,"irl-concordia",16
"782","MB6_S01","ADS","ADS8",6.97,1,"irl-concordia",17
"783","MB6_S01","IDS","IDS1",13.84,1,"irl-concordia",3
"784","MB6_S01","IDS","IDS2",8.03,1,"irl-concordia",5
"785","MB6_S01","IDS","IDS3",6.05,1,"irl-concordia",8
"786","MB6_S01","IDS","IDS4",3.38,1,"irl-concordia",9
"787","MB6_S01","IDS","IDS5",13.92,1,"irl-concordia",12
"788","MB6_S01","IDS","IDS6",8.39,1,"irl-concordia",14
"789","MB6_S01","IDS","IDS7",10.68,1,"irl-concordia",15
"790","MB6_S01","IDS","IDS8",6.69,1,"irl-concordia",18
"791","MB6_S01","training","train1",16.66,1,"irl-concordia",1
"792","MB6_S01","training","train2",9.01,1,"irl-concordia",2
"793","MB6_S02","ADS","ADS1",0,4,"irl-concordia",8
"794","MB6_S02","ADS","ADS2",0,4,"irl-concordia",12
"795","MB6_S02","ADS","ADS3",0,4,"irl-concordia",10
"796","MB6_S02","ADS","ADS4",0,4,"irl-concordia",13
"797","MB6_S02","ADS","ADS5",0,4,"irl-concordia",3
"798","MB6_S02","ADS","ADS6",0,4,"irl-concordia",15
"799","MB6_S02","ADS","ADS7",0,4,"irl-concordia",6
"800","MB6_S02","ADS","ADS8",0,4,"irl-concordia",17
"801","MB6_S02","IDS","IDS1",0,4,"irl-concordia",7
"802","MB6_S02","IDS","IDS2",0,4,"irl-concordia",11
"803","MB6_S02","IDS","IDS3",0,4,"irl-concordia",9
"804","MB6_S02","IDS","IDS4",0,4,"irl-concordia",14
"805","MB6_S02","IDS","IDS5",0,4,"irl-concordia",4
"806","MB6_S02","IDS","IDS6",0,4,"irl-concordia",16
"807","MB6_S02","IDS","IDS7",0,4,"irl-concordia",5
"808","MB6_S02","IDS","IDS8",0,4,"irl-concordia",18
"809","MB6_S02","training","train1",0,4,"irl-concordia",2
"810","MB6_S02","training","train2",0,4,"irl-concordia",1
"811","MB6_S03","ADS","ADS1",2.26,4,"irl-concordia",8
"812","MB6_S03","ADS","ADS2",12.24,4,"irl-concordia",12
"813","MB6_S03","ADS","ADS3",2.65,4,"irl-concordia",10
"814","MB6_S03","ADS","ADS4",2.03,4,"irl-concordia",13
"815","MB6_S03","ADS","ADS5",2.93,4,"irl-concordia",3
"816","MB6_S03","ADS","ADS6",3.05,4,"irl-concordia",15
"817","MB6_S03","ADS","ADS7",5.19,4,"irl-concordia",6
"818","MB6_S03","ADS","ADS8",0.67,4,"irl-concordia",17
"819","MB6_S03","IDS","IDS1",4.82,4,"irl-concordia",7
"820","MB6_S03","IDS","IDS2",9.9,4,"irl-concordia",11
"821","MB6_S03","IDS","IDS3",2.86,4,"irl-concordia",9
"822","MB6_S03","IDS","IDS4",0.47,4,"irl-concordia",14
"823","MB6_S03","IDS","IDS5",4.86,4,"irl-concordia",4
"824","MB6_S03","IDS","IDS6",2.64,4,"irl-concordia",16
"825","MB6_S03","IDS","IDS7",1.13,4,"irl-concordia",5
"826","MB6_S03","IDS","IDS8",0.48,4,"irl-concordia",18
"827","MB6_S03","training","train1",11.04,4,"irl-concordia",2
"828","MB6_S03","training","train2",17.29,4,"irl-concordia",1
"829","MB6_S04","ADS","ADS1",9.31,2,"irl-concordia",3
"830","MB6_S04","ADS","ADS2",14.57,2,"irl-concordia",5
"831","MB6_S04","ADS","ADS3",0.18,2,"irl-concordia",8
"832","MB6_S04","ADS","ADS4",8.76,2,"irl-concordia",9
"833","MB6_S04","ADS","ADS5",2.62,2,"irl-concordia",12
"834","MB6_S04","ADS","ADS6",4.3,2,"irl-concordia",14
"835","MB6_S04","ADS","ADS7",5.78,2,"irl-concordia",15
"836","MB6_S04","ADS","ADS8",1.21,2,"irl-concordia",18
"837","MB6_S04","IDS","IDS1",11.57,2,"irl-concordia",4
"838","MB6_S04","IDS","IDS2",9.08,2,"irl-concordia",6
"839","MB6_S04","IDS","IDS3",11.21,2,"irl-concordia",7
"840","MB6_S04","IDS","IDS4",3.28,2,"irl-concordia",10
"841","MB6_S04","IDS","IDS5",2.65,2,"irl-concordia",11
"842","MB6_S04","IDS","IDS6",2.78,2,"irl-concordia",13
"843","MB6_S04","IDS","IDS7",7.42,2,"irl-concordia",16
"844","MB6_S04","IDS","IDS8",10.38,2,"irl-concordia",17
"845","MB6_S04","training","train1",1.37,2,"irl-concordia",2
"846","MB6_S04","training","train2",15.35,2,"irl-concordia",1
"847","MB6_S05","ADS","ADS1",2.38,3,"irl-concordia",7
"848","MB6_S05","ADS","ADS2",0.59,3,"irl-concordia",11
"849","MB6_S05","ADS","ADS3",2.48,3,"irl-concordia",9
"850","MB6_S05","ADS","ADS4",4,3,"irl-concordia",14
"851","MB6_S05","ADS","ADS5",10.12,3,"irl-concordia",4
"852","MB6_S05","ADS","ADS6",3.63,3,"irl-concordia",16
"853","MB6_S05","ADS","ADS7",2.36,3,"irl-concordia",5
"854","MB6_S05","ADS","ADS8",1.37,3,"irl-concordia",18
"855","MB6_S05","IDS","IDS1",3.65,3,"irl-concordia",8
"856","MB6_S05","IDS","IDS2",5.61,3,"irl-concordia",12
"857","MB6_S05","IDS","IDS3",3.96,3,"irl-concordia",10
"858","MB6_S05","IDS","IDS4",6.87,3,"irl-concordia",13
"859","MB6_S05","IDS","IDS5",15.13,3,"irl-concordia",3
"860","MB6_S05","IDS","IDS6",7.03,3,"irl-concordia",15
"861","MB6_S05","IDS","IDS7",0,3,"irl-concordia",6
"862","MB6_S05","IDS","IDS8",3.89,3,"irl-concordia",17
"863","MB6_S05","training","train1",4.38,3,"irl-concordia",1
"864","MB6_S05","training","train2",0,3,"irl-concordia",2
"865","MB6_S06","ADS","ADS1",7.13,1,"irl-concordia",4
"866","MB6_S06","ADS","ADS2",1.06,1,"irl-concordia",6
"867","MB6_S06","ADS","ADS3",3.01,1,"irl-concordia",7
"868","MB6_S06","ADS","ADS4",1.35,1,"irl-concordia",10
"869","MB6_S06","ADS","ADS5",1.97,1,"irl-concordia",11
"870","MB6_S06","ADS","ADS6",1.69,1,"irl-concordia",13
"871","MB6_S06","ADS","ADS7",0.96,1,"irl-concordia",16
"872","MB6_S06","ADS","ADS8",2.87,1,"irl-concordia",17
"873","MB6_S06","IDS","IDS1",9.69,1,"irl-concordia",3
"874","MB6_S06","IDS","IDS2",1.05,1,"irl-concordia",5
"875","MB6_S06","IDS","IDS3",1.85,1,"irl-concordia",8
"876","MB6_S06","IDS","IDS4",2.63,1,"irl-concordia",9
"877","MB6_S06","IDS","IDS5",3.8,1,"irl-concordia",12
"878","MB6_S06","IDS","IDS6",0.99,1,"irl-concordia",14
"879","MB6_S06","IDS","IDS7",2.55,1,"irl-concordia",15
"880","MB6_S06","IDS","IDS8",1.11,1,"irl-concordia",18
"881","MB6_S06","training","train1",7.52,1,"irl-concordia",1
"882","MB6_S06","training","train2",3.67,1,"irl-concordia",2
"883","MB6_S07","ADS","ADS1",10.29,2,"irl-concordia",3
"884","MB6_S07","ADS","ADS2",7.39,2,"irl-concordia",5
"885","MB6_S07","ADS","ADS3",5.95,2,"irl-concordia",8
"886","MB6_S07","ADS","ADS4",4.19,2,"irl-concordia",9
"887","MB6_S07","ADS","ADS5",4.44,2,"irl-concordia",12
"888","MB6_S07","ADS","ADS6",2.49,2,"irl-concordia",14
"889","MB6_S07","ADS","ADS7",1.22,2,"irl-concordia",15
"890","MB6_S07","ADS","ADS8",5.88,2,"irl-concordia",18
"891","MB6_S07","IDS","IDS1",11.13,2,"irl-concordia",4
"892","MB6_S07","IDS","IDS2",8.79,2,"irl-concordia",6
"893","MB6_S07","IDS","IDS3",9.97,2,"irl-concordia",7
"894","MB6_S07","IDS","IDS4",3.34,2,"irl-concordia",10
"895","MB6_S07","IDS","IDS5",2.32,2,"irl-concordia",11
"896","MB6_S07","IDS","IDS6",2.68,2,"irl-concordia",13
"897","MB6_S07","IDS","IDS7",4.1,2,"irl-concordia",16
"898","MB6_S07","IDS","IDS8",3.77,2,"irl-concordia",17
"899","MB6_S07","training","train1",12.44,2,"irl-concordia",2
"900","MB6_S07","training","train2",15.06,2,"irl-concordia",1
"901","MB6_S08","ADS","ADS1",4.73,3,"irl-concordia",7
"902","MB6_S08","ADS","ADS2",5.88,3,"irl-concordia",11
"903","MB6_S08","ADS","ADS3",1.75,3,"irl-concordia",9
"904","MB6_S08","ADS","ADS4",1.24,3,"irl-concordia",14
"905","MB6_S08","ADS","ADS5",2.67,3,"irl-concordia",4
"906","MB6_S08","ADS","ADS6",11.4,3,"irl-concordia",16
"907","MB6_S08","ADS","ADS7",1.56,3,"irl-concordia",5
"908","MB6_S08","ADS","ADS8",6.49,3,"irl-concordia",18
"909","MB6_S08","IDS","IDS1",2.53,3,"irl-concordia",8
"910","MB6_S08","IDS","IDS2",2.2,3,"irl-concordia",12
"911","MB6_S08","IDS","IDS3",1.82,3,"irl-concordia",10
"912","MB6_S08","IDS","IDS4",0.9,3,"irl-concordia",13
"913","MB6_S08","IDS","IDS5",7.35,3,"irl-concordia",3
"914","MB6_S08","IDS","IDS6",3.49,3,"irl-concordia",15
"915","MB6_S08","IDS","IDS7",2.2,3,"irl-concordia",6
"916","MB6_S08","IDS","IDS8",5.24,3,"irl-concordia",17
"917","MB6_S08","training","train1",10.83,3,"irl-concordia",1
"918","MB6_S08","training","train2",17.62,3,"irl-concordia",2
"919","MB6_S09","ADS","ADS1",13.43,4,"irl-concordia",8
"920","MB6_S09","ADS","ADS2",1.16,4,"irl-concordia",12
"921","MB6_S09","ADS","ADS3",3.43,4,"irl-concordia",10
"922","MB6_S09","ADS","ADS4",4.99,4,"irl-concordia",13
"923","MB6_S09","ADS","ADS5",15.41,4,"irl-concordia",3
"924","MB6_S09","ADS","ADS6",2.76,4,"irl-concordia",15
"925","MB6_S09","ADS","ADS7",0,4,"irl-concordia",6
"926","MB6_S09","ADS","ADS8",5.55,4,"irl-concordia",17
"927","MB6_S09","IDS","IDS1",11.34,4,"irl-concordia",7
"928","MB6_S09","IDS","IDS2",4.53,4,"irl-concordia",11
"929","MB6_S09","IDS","IDS3",13.88,4,"irl-concordia",9
"930","MB6_S09","IDS","IDS4",4.24,4,"irl-concordia",14
"931","MB6_S09","IDS","IDS5",14.45,4,"irl-concordia",4
"932","MB6_S09","IDS","IDS6",3.04,4,"irl-concordia",16
"933","MB6_S09","IDS","IDS7",14.71,4,"irl-concordia",5
"934","MB6_S09","IDS","IDS8",2.93,4,"irl-concordia",18
"935","MB6_S09","training","train1",18.01,4,"irl-concordia",2
"936","MB6_S09","training","train2",17.55,4,"irl-concordia",1
"937","MB6_S10","ADS","ADS1",16.49,1,"irl-concordia",4
"938","MB6_S10","ADS","ADS2",2.74,1,"irl-concordia",6
"939","MB6_S10","ADS","ADS3",4.84,1,"irl-concordia",7
"940","MB6_S10","ADS","ADS4",2.96,1,"irl-concordia",10
"941","MB6_S10","ADS","ADS5",2.62,1,"irl-concordia",11
"942","MB6_S10","ADS","ADS6",2.43,1,"irl-concordia",13
"943","MB6_S10","ADS","ADS7",2.54,1,"irl-concordia",16
"944","MB6_S10","ADS","ADS8",4.36,1,"irl-concordia",17
"945","MB6_S10","IDS","IDS1",16.75,1,"irl-concordia",3
"946","MB6_S10","IDS","IDS2",12.19,1,"irl-concordia",5
"947","MB6_S10","IDS","IDS3",3.47,1,"irl-concordia",8
"948","MB6_S10","IDS","IDS4",3.81,1,"irl-concordia",9
"949","MB6_S10","IDS","IDS5",1.79,1,"irl-concordia",12
"950","MB6_S10","IDS","IDS6",2.05,1,"irl-concordia",14
"951","MB6_S10","IDS","IDS7",1.78,1,"irl-concordia",15
"952","MB6_S10","IDS","IDS8",3.03,1,"irl-concordia",18
"953","MB6_S10","training","train1",12.37,1,"irl-concordia",1
"954","MB6_S10","training","train2",10.25,1,"irl-concordia",2
"955","MB6_S11","ADS","ADS1",14.13,2,"irl-concordia",3
"956","MB6_S11","ADS","ADS2",1.73,2,"irl-concordia",5
"957","MB6_S11","ADS","ADS3",0.98,2,"irl-concordia",8
"958","MB6_S11","ADS","ADS4",1.95,2,"irl-concordia",9
"959","MB6_S11","ADS","ADS5",1.1,2,"irl-concordia",12
"960","MB6_S11","ADS","ADS6",0,2,"irl-concordia",14
"961","MB6_S11","ADS","ADS7",0,2,"irl-concordia",15
"962","MB6_S11","ADS","ADS8",0,2,"irl-concordia",18
"963","MB6_S11","IDS","IDS1",3.53,2,"irl-concordia",4
"964","MB6_S11","IDS","IDS2",6.94,2,"irl-concordia",6
"965","MB6_S11","IDS","IDS3",2.8,2,"irl-concordia",7
"966","MB6_S11","IDS","IDS4",1.17,2,"irl-concordia",10
"967","MB6_S11","IDS","IDS5",0.6,2,"irl-concordia",11
"968","MB6_S11","IDS","IDS6",0,2,"irl-concordia",13
"969","MB6_S11","IDS","IDS7",0,2,"irl-concordia",16
"970","MB6_S11","IDS","IDS8",0,2,"irl-concordia",17
"971","MB6_S11","training","train1",7.47,2,"irl-concordia",2
"972","MB6_S11","training","train2",15.25,2,"irl-concordia",1
"973","MB6_S12","ADS","ADS1",5.92,3,"irl-concordia",7
"974","MB6_S12","ADS","ADS2",2.35,3,"irl-concordia",11
"975","MB6_S12","ADS","ADS3",1.22,3,"irl-concordia",9
"976","MB6_S12","ADS","ADS4",3.31,3,"irl-concordia",14
"977","MB6_S12","ADS","ADS5",7.38,3,"irl-concordia",4
"978","MB6_S12","ADS","ADS6",1.62,3,"irl-concordia",16
"979","MB6_S12","ADS","ADS7",5.7,3,"irl-concordia",5
"980","MB6_S12","ADS","ADS8",0.86,3,"irl-concordia",18
"981","MB6_S12","IDS","IDS1",9.67,3,"irl-concordia",8
"982","MB6_S12","IDS","IDS2",3.5,3,"irl-concordia",12
"983","MB6_S12","IDS","IDS3",18.06,3,"irl-concordia",10
"984","MB6_S12","IDS","IDS4",1.73,3,"irl-concordia",13
"985","MB6_S12","IDS","IDS5",17.43,3,"irl-concordia",3
"986","MB6_S12","IDS","IDS6",11.69,3,"irl-concordia",15
"987","MB6_S12","IDS","IDS7",0,3,"irl-concordia",6
"988","MB6_S12","IDS","IDS8",1.11,3,"irl-concordia",17
"989","MB6_S12","training","train1",18.07,3,"irl-concordia",1
"990","MB6_S12","training","train2",18.04,3,"irl-concordia",2
"991","MB6_S13","ADS","ADS1",3.03,3,"irl-concordia",7
"992","MB6_S13","ADS","ADS2",1.38,3,"irl-concordia",11
"993","MB6_S13","ADS","ADS3",3.71,3,"irl-concordia",9
"994","MB6_S13","ADS","ADS4",0.8,3,"irl-concordia",14
"995","MB6_S13","ADS","ADS5",3.56,3,"irl-concordia",4
"996","MB6_S13","ADS","ADS6",2.97,3,"irl-concordia",16
"997","MB6_S13","ADS","ADS7",3.8,3,"irl-concordia",5
"998","MB6_S13","ADS","ADS8",2.67,3,"irl-concordia",18
"999","MB6_S13","IDS","IDS1",2.07,3,"irl-concordia",8
"1000","MB6_S13","IDS","IDS2",0.93,3,"irl-concordia",12
"1001","MB6_S13","IDS","IDS3",1.05,3,"irl-concordia",10
"1002","MB6_S13","IDS","IDS4",0.64,3,"irl-concordia",13
"1003","MB6_S13","IDS","IDS5",17.85,3,"irl-concordia",3
"1004","MB6_S13","IDS","IDS6",0.78,3,"irl-concordia",15
"1005","MB6_S13","IDS","IDS7",5.15,3,"irl-concordia",6
"1006","MB6_S13","IDS","IDS8",0.58,3,"irl-concordia",17
"1007","MB6_S13","training","train1",3.28,3,"irl-concordia",1
"1008","MB6_S13","training","train2",2.03,3,"irl-concordia",2
"1009","MB6_S14","ADS","ADS1",1.96,4,"irl-concordia",8
"1010","MB6_S14","ADS","ADS2",3.26,4,"irl-concordia",12
"1011","MB6_S14","ADS","ADS3",1.3,4,"irl-concordia",10
"1012","MB6_S14","ADS","ADS4",0,4,"irl-concordia",13
"1013","MB6_S14","ADS","ADS5",4.46,4,"irl-concordia",3
"1014","MB6_S14","ADS","ADS6",1.08,4,"irl-concordia",15
"1015","MB6_S14","ADS","ADS7",6.73,4,"irl-concordia",6
"1016","MB6_S14","ADS","ADS8",3.39,4,"irl-concordia",17
"1017","MB6_S14","IDS","IDS1",2.42,4,"irl-concordia",7
"1018","MB6_S14","IDS","IDS2",2.73,4,"irl-concordia",11
"1019","MB6_S14","IDS","IDS3",1.88,4,"irl-concordia",9
"1020","MB6_S14","IDS","IDS4",1.17,4,"irl-concordia",14
"1021","MB6_S14","IDS","IDS5",3.77,4,"irl-concordia",4
"1022","MB6_S14","IDS","IDS6",4.15,4,"irl-concordia",16
"1023","MB6_S14","IDS","IDS7",1.6,4,"irl-concordia",5
"1024","MB6_S14","IDS","IDS8",0,4,"irl-concordia",18
"1025","MB6_S14","training","train1",3.06,4,"irl-concordia",2
"1026","MB6_S14","training","train2",3.47,4,"irl-concordia",1
"1027","MB6_S15","ADS","ADS1",9.88,1,"irl-concordia",4
"1028","MB6_S15","ADS","ADS2",7.06,1,"irl-concordia",6
"1029","MB6_S15","ADS","ADS3",2.37,1,"irl-concordia",7
"1030","MB6_S15","ADS","ADS4",1.05,1,"irl-concordia",10
"1031","MB6_S15","ADS","ADS5",5.72,1,"irl-concordia",11
"1032","MB6_S15","ADS","ADS6",1.1,1,"irl-concordia",13
"1033","MB6_S15","ADS","ADS7",1.4,1,"irl-concordia",16
"1034","MB6_S15","ADS","ADS8",0.35,1,"irl-concordia",17
"1035","MB6_S15","IDS","IDS1",12.72,1,"irl-concordia",3
"1036","MB6_S15","IDS","IDS2",11.03,1,"irl-concordia",5
"1037","MB6_S15","IDS","IDS3",9.14,1,"irl-concordia",8
"1038","MB6_S15","IDS","IDS4",4.75,1,"irl-concordia",9
"1039","MB6_S15","IDS","IDS5",1.88,1,"irl-concordia",12
"1040","MB6_S15","IDS","IDS6",1.28,1,"irl-concordia",14
"1041","MB6_S15","IDS","IDS7",4.69,1,"irl-concordia",15
"1042","MB6_S15","IDS","IDS8",2.39,1,"irl-concordia",18
"1043","MB6_S15","training","train1",7.24,1,"irl-concordia",1
"1044","MB6_S15","training","train2",3.22,1,"irl-concordia",2
"1045","MB6_S16","ADS","ADS1",8.83,2,"irl-concordia",3
"1046","MB6_S16","ADS","ADS2",3.41,2,"irl-concordia",5
"1047","MB6_S16","ADS","ADS3",3.43,2,"irl-concordia",8
"1048","MB6_S16","ADS","ADS4",1.15,2,"irl-concordia",9
"1049","MB6_S16","ADS","ADS5",5.74,2,"irl-concordia",12
"1050","MB6_S16","ADS","ADS6",2.42,2,"irl-concordia",14
"1051","MB6_S16","ADS","ADS7",3.74,2,"irl-concordia",15
"1052","MB6_S16","ADS","ADS8",3.89,2,"irl-concordia",18
"1053","MB6_S16","IDS","IDS1",3.21,2,"irl-concordia",4
"1054","MB6_S16","IDS","IDS2",2,2,"irl-concordia",6
"1055","MB6_S16","IDS","IDS3",5.71,2,"irl-concordia",7
"1056","MB6_S16","IDS","IDS4",2.61,2,"irl-concordia",10
"1057","MB6_S16","IDS","IDS5",2.4,2,"irl-concordia",11
"1058","MB6_S16","IDS","IDS6",2.49,2,"irl-concordia",13
"1059","MB6_S16","IDS","IDS7",9.25,2,"irl-concordia",16
"1060","MB6_S16","IDS","IDS8",6.51,2,"irl-concordia",17
"1061","MB6_S16","training","train1",2.4,2,"irl-concordia",2
"1062","MB6_S16","training","train2",10.94,2,"irl-concordia",1
"1063","MB6_S17","ADS","ADS1",5.86,2,"irl-concordia",3
"1064","MB6_S17","ADS","ADS2",3.39,2,"irl-concordia",5
"1065","MB6_S17","ADS","ADS3",0,2,"irl-concordia",8
"1066","MB6_S17","ADS","ADS4",12.84,2,"irl-concordia",9
"1067","MB6_S17","ADS","ADS5",10.78,2,"irl-concordia",12
"1068","MB6_S17","ADS","ADS6",7.01,2,"irl-concordia",14
"1069","MB6_S17","ADS","ADS7",4.57,2,"irl-concordia",15
"1070","MB6_S17","ADS","ADS8",2.3,2,"irl-concordia",18
"1071","MB6_S17","IDS","IDS1",5.94,2,"irl-concordia",4
"1072","MB6_S17","IDS","IDS2",0.32,2,"irl-concordia",6
"1073","MB6_S17","IDS","IDS3",5.75,2,"irl-concordia",7
"1074","MB6_S17","IDS","IDS4",8.49,2,"irl-concordia",10
"1075","MB6_S17","IDS","IDS5",13.96,2,"irl-concordia",11
"1076","MB6_S17","IDS","IDS6",1.1,2,"irl-concordia",13
"1077","MB6_S17","IDS","IDS7",0.83,2,"irl-concordia",16
"1078","MB6_S17","IDS","IDS8",5.81,2,"irl-concordia",17
"1079","MB6_S17","training","train1",4.36,2,"irl-concordia",2
"1080","MB6_S17","training","train2",14.63,2,"irl-concordia",1
"1081","MB6_S18","ADS","ADS1",12.59,4,"irl-concordia",8
"1082","MB6_S18","ADS","ADS2",1.83,4,"irl-concordia",12
"1083","MB6_S18","ADS","ADS3",13.48,4,"irl-concordia",10
"1084","MB6_S18","ADS","ADS4",2.05,4,"irl-concordia",13
"1085","MB6_S18","ADS","ADS5",16.27,4,"irl-concordia",3
"1086","MB6_S18","ADS","ADS6",1.79,4,"irl-concordia",15
"1087","MB6_S18","ADS","ADS7",15.49,4,"irl-concordia",6
"1088","MB6_S18","ADS","ADS8",2.08,4,"irl-concordia",17
"1089","MB6_S18","IDS","IDS1",13.67,4,"irl-concordia",7
"1090","MB6_S18","IDS","IDS2",4.6,4,"irl-concordia",11
"1091","MB6_S18","IDS","IDS3",7.77,4,"irl-concordia",9
"1092","MB6_S18","IDS","IDS4",11.12,4,"irl-concordia",14
"1093","MB6_S18","IDS","IDS5",2.18,4,"irl-concordia",4
"1094","MB6_S18","IDS","IDS6",2.16,4,"irl-concordia",16
"1095","MB6_S18","IDS","IDS7",7.83,4,"irl-concordia",5
"1096","MB6_S18","IDS","IDS8",1.02,4,"irl-concordia",18
"1097","MB6_S18","training","train1",17.04,4,"irl-concordia",2
"1098","MB6_S18","training","train2",16.64,4,"irl-concordia",1
"1099","MB6_S19","ADS","ADS1",2.37,4,"irl-concordia",8
"1100","MB6_S19","ADS","ADS2",2.42,4,"irl-concordia",12
"1101","MB6_S19","ADS","ADS3",3.26,4,"irl-concordia",10
"1102","MB6_S19","ADS","ADS4",2.34,4,"irl-concordia",13
"1103","MB6_S19","ADS","ADS5",5.57,4,"irl-concordia",3
"1104","MB6_S19","ADS","ADS6",2.45,4,"irl-concordia",15
"1105","MB6_S19","ADS","ADS7",3.29,4,"irl-concordia",6
"1106","MB6_S19","ADS","ADS8",12.72,4,"irl-concordia",17
"1107","MB6_S19","IDS","IDS1",3.01,4,"irl-concordia",7
"1108","MB6_S19","IDS","IDS2",4.56,4,"irl-concordia",11
"1109","MB6_S19","IDS","IDS3",2.15,4,"irl-concordia",9
"1110","MB6_S19","IDS","IDS4",2.33,4,"irl-concordia",14
"1111","MB6_S19","IDS","IDS5",3.75,4,"irl-concordia",4
"1112","MB6_S19","IDS","IDS6",15.47,4,"irl-concordia",16
"1113","MB6_S19","IDS","IDS7",2.9,4,"irl-concordia",5
"1114","MB6_S19","IDS","IDS8",1.35,4,"irl-concordia",18
"1115","MB6_S19","training","train1",9.7,4,"irl-concordia",2
"1116","MB6_S19","training","train2",7.97,4,"irl-concordia",1
"1117","MB6_S20","ADS","ADS1",5.75,3,"irl-concordia",7
"1118","MB6_S20","ADS","ADS2",10.22,3,"irl-concordia",11
"1119","MB6_S20","ADS","ADS3",14.06,3,"irl-concordia",9
"1120","MB6_S20","ADS","ADS4",15.17,3,"irl-concordia",14
"1121","MB6_S20","ADS","ADS5",5.43,3,"irl-concordia",4
"1122","MB6_S20","ADS","ADS6",13.4,3,"irl-concordia",16
"1123","MB6_S20","ADS","ADS7",15.38,3,"irl-concordia",5
"1124","MB6_S20","ADS","ADS8",0.27,3,"irl-concordia",18
"1125","MB6_S20","IDS","IDS1",6.88,3,"irl-concordia",8
"1126","MB6_S20","IDS","IDS2",9.44,3,"irl-concordia",12
"1127","MB6_S20","IDS","IDS3",11.37,3,"irl-concordia",10
"1128","MB6_S20","IDS","IDS4",14.71,3,"irl-concordia",13
"1129","MB6_S20","IDS","IDS5",15.75,3,"irl-concordia",3
"1130","MB6_S20","IDS","IDS6",3.38,3,"irl-concordia",15
"1131","MB6_S20","IDS","IDS7",4.6,3,"irl-concordia",6
"1132","MB6_S20","IDS","IDS8",3.11,3,"irl-concordia",17
"1133","MB6_S20","training","train1",16.24,3,"irl-concordia",1
"1134","MB6_S20","training","train2",17.75,3,"irl-concordia",2
"1135","MB6_S21","ADS","ADS1",11.19,4,"irl-concordia",8
"1136","MB6_S21","ADS","ADS2",1.05,4,"irl-concordia",12
"1137","MB6_S21","ADS","ADS3",3.54,4,"irl-concordia",10
"1138","MB6_S21","ADS","ADS4",2.03,4,"irl-concordia",13
"1139","MB6_S21","ADS","ADS5",17.42,4,"irl-concordia",3
"1140","MB6_S21","ADS","ADS6",2.09,4,"irl-concordia",15
"1141","MB6_S21","ADS","ADS7",5.8,4,"irl-concordia",6
"1142","MB6_S21","ADS","ADS8",1.83,4,"irl-concordia",17
"1143","MB6_S21","IDS","IDS1",5.4,4,"irl-concordia",7
"1144","MB6_S21","IDS","IDS2",8.44,4,"irl-concordia",11
"1145","MB6_S21","IDS","IDS3",5.08,4,"irl-concordia",9
"1146","MB6_S21","IDS","IDS4",9.24,4,"irl-concordia",14
"1147","MB6_S21","IDS","IDS5",11.92,4,"irl-concordia",4
"1148","MB6_S21","IDS","IDS6",0,4,"irl-concordia",16
"1149","MB6_S21","IDS","IDS7",7.61,4,"irl-concordia",5
"1150","MB6_S21","IDS","IDS8",18.02,4,"irl-concordia",18
"1151","MB6_S21","training","train1",12.32,4,"irl-concordia",2
"1152","MB6_S21","training","train2",17.47,4,"irl-concordia",1
"1153","MB6_S22","ADS","ADS1",2.48,4,"irl-concordia",8
"1154","MB6_S22","ADS","ADS2",4.06,4,"irl-concordia",12
"1155","MB6_S22","ADS","ADS3",5.39,4,"irl-concordia",10
"1156","MB6_S22","ADS","ADS4",2.23,4,"irl-concordia",13
"1157","MB6_S22","ADS","ADS5",13.17,4,"irl-concordia",3
"1158","MB6_S22","ADS","ADS6",2.67,4,"irl-concordia",15
"1159","MB6_S22","ADS","ADS7",4.63,4,"irl-concordia",6
"1160","MB6_S22","ADS","ADS8",1.14,4,"irl-concordia",17
"1161","MB6_S22","IDS","IDS1",3.72,4,"irl-concordia",7
"1162","MB6_S22","IDS","IDS2",0.02,4,"irl-concordia",11
"1163","MB6_S22","IDS","IDS3",6.5,4,"irl-concordia",9
"1164","MB6_S22","IDS","IDS4",5.99,4,"irl-concordia",14
"1165","MB6_S22","IDS","IDS5",5.1,4,"irl-concordia",4
"1166","MB6_S22","IDS","IDS6",0,4,"irl-concordia",16
"1167","MB6_S22","IDS","IDS7",7.28,4,"irl-concordia",5
"1168","MB6_S22","IDS","IDS8",0.62,4,"irl-concordia",18
"1169","MB6_S22","training","train1",6.91,4,"irl-concordia",2
"1170","MB6_S22","training","train2",7.38,4,"irl-concordia",1
"1171","MB6_S23","ADS","ADS1",1.75,2,"irl-concordia",3
"1172","MB6_S23","ADS","ADS2",2.39,2,"irl-concordia",5
"1173","MB6_S23","ADS","ADS3",0.95,2,"irl-concordia",8
"1174","MB6_S23","ADS","ADS4",0,2,"irl-concordia",9
"1175","MB6_S23","ADS","ADS5",0.98,2,"irl-concordia",12
"1176","MB6_S23","ADS","ADS6",1.35,2,"irl-concordia",14
"1177","MB6_S23","ADS","ADS7",3.92,2,"irl-concordia",15
"1178","MB6_S23","ADS","ADS8",2.45,2,"irl-concordia",18
"1179","MB6_S23","IDS","IDS1",4.97,2,"irl-concordia",4
"1180","MB6_S23","IDS","IDS2",1.04,2,"irl-concordia",6
"1181","MB6_S23","IDS","IDS3",4.98,2,"irl-concordia",7
"1182","MB6_S23","IDS","IDS4",1.97,2,"irl-concordia",10
"1183","MB6_S23","IDS","IDS5",3.01,2,"irl-concordia",11
"1184","MB6_S23","IDS","IDS6",0.77,2,"irl-concordia",13
"1185","MB6_S23","IDS","IDS7",5.51,2,"irl-concordia",16
"1186","MB6_S23","IDS","IDS8",2.75,2,"irl-concordia",17
"1187","MB6_S23","training","train1",0.23,2,"irl-concordia",2
"1188","MB6_S23","training","train2",0.35,2,"irl-concordia",1
"1189","MB6_S24","ADS","ADS1",11.67,1,"irl-concordia",4
"1190","MB6_S24","ADS","ADS2",14.32,1,"irl-concordia",6
"1191","MB6_S24","ADS","ADS3",14.48,1,"irl-concordia",7
"1192","MB6_S24","ADS","ADS4",15.28,1,"irl-concordia",10
"1193","MB6_S24","ADS","ADS5",9.77,1,"irl-concordia",11
"1194","MB6_S24","ADS","ADS6",7.83,1,"irl-concordia",13
"1195","MB6_S24","ADS","ADS7",10.73,1,"irl-concordia",16
"1196","MB6_S24","ADS","ADS8",9.94,1,"irl-concordia",17
"1197","MB6_S24","IDS","IDS1",12.97,1,"irl-concordia",3
"1198","MB6_S24","IDS","IDS2",12.15,1,"irl-concordia",5
"1199","MB6_S24","IDS","IDS3",12.19,1,"irl-concordia",8
"1200","MB6_S24","IDS","IDS4",13.35,1,"irl-concordia",9
"1201","MB6_S24","IDS","IDS5",11.61,1,"irl-concordia",12
"1202","MB6_S24","IDS","IDS6",5,1,"irl-concordia",14
"1203","MB6_S24","IDS","IDS7",8.12,1,"irl-concordia",15
"1204","MB6_S24","IDS","IDS8",9.2,1,"irl-concordia",18
"1205","MB6_S24","training","train1",3.72,1,"irl-concordia",1
"1206","MB6_S24","training","train2",2.44,1,"irl-concordia",2
"1207","MB6_S25","ADS","ADS1",6.08,4,"irl-concordia",8
"1208","MB6_S25","ADS","ADS2",1.45,4,"irl-concordia",12
"1209","MB6_S25","ADS","ADS3",2.95,4,"irl-concordia",10
"1210","MB6_S25","ADS","ADS4",5.06,4,"irl-concordia",13
"1211","MB6_S25","ADS","ADS5",8.01,4,"irl-concordia",3
"1212","MB6_S25","ADS","ADS6",1.67,4,"irl-concordia",15
"1213","MB6_S25","ADS","ADS7",5.49,4,"irl-concordia",6
"1214","MB6_S25","ADS","ADS8",4.61,4,"irl-concordia",17
"1215","MB6_S25","IDS","IDS1",4.06,4,"irl-concordia",7
"1216","MB6_S25","IDS","IDS2",5.38,4,"irl-concordia",11
"1217","MB6_S25","IDS","IDS3",1.25,4,"irl-concordia",9
"1218","MB6_S25","IDS","IDS4",7.46,4,"irl-concordia",14
"1219","MB6_S25","IDS","IDS5",7.85,4,"irl-concordia",4
"1220","MB6_S25","IDS","IDS6",3.69,4,"irl-concordia",16
"1221","MB6_S25","IDS","IDS7",6.35,4,"irl-concordia",5
"1222","MB6_S25","IDS","IDS8",6.61,4,"irl-concordia",18
"1223","MB6_S25","training","train1",3.93,4,"irl-concordia",2
"1224","MB6_S25","training","train2",11.59,4,"irl-concordia",1
"1225","MB6_S26","ADS","ADS1",3.35,1,"irl-concordia",4
"1226","MB6_S26","ADS","ADS2",4.47,1,"irl-concordia",6
"1227","MB6_S26","ADS","ADS3",9.45,1,"irl-concordia",7
"1228","MB6_S26","ADS","ADS4",0.87,1,"irl-concordia",10
"1229","MB6_S26","ADS","ADS5",4.25,1,"irl-concordia",11
"1230","MB6_S26","ADS","ADS6",5.16,1,"irl-concordia",13
"1231","MB6_S26","ADS","ADS7",7.14,1,"irl-concordia",16
"1232","MB6_S26","ADS","ADS8",6.91,1,"irl-concordia",17
"1233","MB6_S26","IDS","IDS1",10.64,1,"irl-concordia",3
"1234","MB6_S26","IDS","IDS2",9.67,1,"irl-concordia",5
"1235","MB6_S26","IDS","IDS3",5.25,1,"irl-concordia",8
"1236","MB6_S26","IDS","IDS4",6.63,1,"irl-concordia",9
"1237","MB6_S26","IDS","IDS5",9.73,1,"irl-concordia",12
"1238","MB6_S26","IDS","IDS6",5.4,1,"irl-concordia",14
"1239","MB6_S26","IDS","IDS7",12.42,1,"irl-concordia",15
"1240","MB6_S26","IDS","IDS8",7.58,1,"irl-concordia",18
"1241","MB6_S26","training","train1",11.54,1,"irl-concordia",1
"1242","MB6_S26","training","train2",10.55,1,"irl-concordia",2
"1243","MB6_S27","ADS","ADS1",4.35,3,"irl-concordia",7
"1244","MB6_S27","ADS","ADS2",0.96,3,"irl-concordia",11
"1245","MB6_S27","ADS","ADS3",12.48,3,"irl-concordia",9
"1246","MB6_S27","ADS","ADS4",3.54,3,"irl-concordia",14
"1247","MB6_S27","ADS","ADS5",8.76,3,"irl-concordia",4
"1248","MB6_S27","ADS","ADS6",3.06,3,"irl-concordia",16
"1249","MB6_S27","ADS","ADS7",4.1,3,"irl-concordia",5
"1250","MB6_S27","ADS","ADS8",6.3,3,"irl-concordia",18
"1251","MB6_S27","IDS","IDS1",5.27,3,"irl-concordia",8
"1252","MB6_S27","IDS","IDS2",7.59,3,"irl-concordia",12
"1253","MB6_S27","IDS","IDS3",4.67,3,"irl-concordia",10
"1254","MB6_S27","IDS","IDS4",2.91,3,"irl-concordia",13
"1255","MB6_S27","IDS","IDS5",4.97,3,"irl-concordia",3
"1256","MB6_S27","IDS","IDS6",2.68,3,"irl-concordia",15
"1257","MB6_S27","IDS","IDS7",14.92,3,"irl-concordia",6
"1258","MB6_S27","IDS","IDS8",0,3,"irl-concordia",17
"1259","MB6_S27","training","train1",12.7,3,"irl-concordia",1
"1260","MB6_S27","training","train2",8.56,3,"irl-concordia",2
"1261","MB6_S28","ADS","ADS1",16.25,2,"irl-concordia",3
"1262","MB6_S28","ADS","ADS2",3.32,2,"irl-concordia",5
"1263","MB6_S28","ADS","ADS3",1.57,2,"irl-concordia",8
"1264","MB6_S28","ADS","ADS4",0.25,2,"irl-concordia",9
"1265","MB6_S28","ADS","ADS5",1.94,2,"irl-concordia",12
"1266","MB6_S28","ADS","ADS6",1.4,2,"irl-concordia",14
"1267","MB6_S28","ADS","ADS7",0.7,2,"irl-concordia",15
"1268","MB6_S28","ADS","ADS8",3.41,2,"irl-concordia",18
"1269","MB6_S28","IDS","IDS1",4.58,2,"irl-concordia",4
"1270","MB6_S28","IDS","IDS2",3.71,2,"irl-concordia",6
"1271","MB6_S28","IDS","IDS3",2.74,2,"irl-concordia",7
"1272","MB6_S28","IDS","IDS4",0.5,2,"irl-concordia",10
"1273","MB6_S28","IDS","IDS5",0.87,2,"irl-concordia",11
"1274","MB6_S28","IDS","IDS6",1.99,2,"irl-concordia",13
"1275","MB6_S28","IDS","IDS7",0.56,2,"irl-concordia",16
"1276","MB6_S28","IDS","IDS8",2.8,2,"irl-concordia",17
"1277","MB6_S28","training","train1",9.11,2,"irl-concordia",2
"1278","MB6_S28","training","train2",12.42,2,"irl-concordia",1
"1279","MB6_S29","ADS","ADS1",3.13,3,"irl-concordia",7
"1280","MB6_S29","ADS","ADS2",1.65,3,"irl-concordia",11
"1281","MB6_S29","ADS","ADS3",3.48,3,"irl-concordia",9
"1282","MB6_S29","ADS","ADS4",1.96,3,"irl-concordia",14
"1283","MB6_S29","ADS","ADS5",4.16,3,"irl-concordia",4
"1284","MB6_S29","ADS","ADS6",2,3,"irl-concordia",16
"1285","MB6_S29","ADS","ADS7",5.43,3,"irl-concordia",5
"1286","MB6_S29","ADS","ADS8",0,3,"irl-concordia",18
"1287","MB6_S29","IDS","IDS1",0,3,"irl-concordia",8
"1288","MB6_S29","IDS","IDS2",4.55,3,"irl-concordia",12
"1289","MB6_S29","IDS","IDS3",5.16,3,"irl-concordia",10
"1290","MB6_S29","IDS","IDS4",1.8,3,"irl-concordia",13
"1291","MB6_S29","IDS","IDS5",3.11,3,"irl-concordia",3
"1292","MB6_S29","IDS","IDS6",2.1,3,"irl-concordia",15
"1293","MB6_S29","IDS","IDS7",1.51,3,"irl-concordia",6
"1294","MB6_S29","IDS","IDS8",7.24,3,"irl-concordia",17
"1295","MB6_S29","training","train1",8.2,3,"irl-concordia",1
"1296","MB6_S29","training","train2",9.04,3,"irl-concordia",2
"1297","MB6_S30","ADS","ADS1",0.37,2,"irl-concordia",3
"1298","MB6_S30","ADS","ADS2",6.32,2,"irl-concordia",5
"1299","MB6_S30","ADS","ADS3",2.93,2,"irl-concordia",8
"1300","MB6_S30","ADS","ADS4",11.41,2,"irl-concordia",9
"1301","MB6_S30","ADS","ADS5",3.17,2,"irl-concordia",12
"1302","MB6_S30","ADS","ADS6",1.91,2,"irl-concordia",14
"1303","MB6_S30","ADS","ADS7",1.66,2,"irl-concordia",15
"1304","MB6_S30","ADS","ADS8",0.59,2,"irl-concordia",18
"1305","MB6_S30","IDS","IDS1",11.38,2,"irl-concordia",4
"1306","MB6_S30","IDS","IDS2",14.15,2,"irl-concordia",6
"1307","MB6_S30","IDS","IDS3",9.33,2,"irl-concordia",7
"1308","MB6_S30","IDS","IDS4",5.17,2,"irl-concordia",10
"1309","MB6_S30","IDS","IDS5",6.53,2,"irl-concordia",11
"1310","MB6_S30","IDS","IDS6",1.35,2,"irl-concordia",13
"1311","MB6_S30","IDS","IDS7",1.05,2,"irl-concordia",16
"1312","MB6_S30","IDS","IDS8",0.7,2,"irl-concordia",17
"1313","MB6_S30","training","train1",10.06,2,"irl-concordia",2
"1314","MB6_S30","training","train2",3.11,2,"irl-concordia",1
"1315","MB6_S31","ADS","ADS1",5.13,3,"irl-concordia",7
"1316","MB6_S31","ADS","ADS2",3.22,3,"irl-concordia",11
"1317","MB6_S31","ADS","ADS3",6.06,3,"irl-concordia",9
"1318","MB6_S31","ADS","ADS4",0,3,"irl-concordia",14
"1319","MB6_S31","ADS","ADS5",7.19,3,"irl-concordia",4
"1320","MB6_S31","ADS","ADS6",1.3,3,"irl-concordia",16
"1321","MB6_S31","ADS","ADS7",9.84,3,"irl-concordia",5
"1322","MB6_S31","ADS","ADS8",0,3,"irl-concordia",18
"1323","MB6_S31","IDS","IDS1",7.91,3,"irl-concordia",8
"1324","MB6_S31","IDS","IDS2",1.88,3,"irl-concordia",12
"1325","MB6_S31","IDS","IDS3",11.19,3,"irl-concordia",10
"1326","MB6_S31","IDS","IDS4",0,3,"irl-concordia",13
"1327","MB6_S31","IDS","IDS5",15.58,3,"irl-concordia",3
"1328","MB6_S31","IDS","IDS6",3.63,3,"irl-concordia",15
"1329","MB6_S31","IDS","IDS7",5.46,3,"irl-concordia",6
"1330","MB6_S31","IDS","IDS8",2.48,3,"irl-concordia",17
"1331","MB6_S31","training","train1",9.93,3,"irl-concordia",1
"1332","MB6_S31","training","train2",2.8,3,"irl-concordia",2
"1333","MB6_S32","ADS","ADS1",0,2,"irl-concordia",3
"1334","MB6_S32","ADS","ADS2",11.12,2,"irl-concordia",5
"1335","MB6_S32","ADS","ADS3",14.06,2,"irl-concordia",8
"1336","MB6_S32","ADS","ADS4",15.01,2,"irl-concordia",9
"1337","MB6_S32","ADS","ADS5",13.31,2,"irl-concordia",12
"1338","MB6_S32","ADS","ADS6",3.3,2,"irl-concordia",14
"1339","MB6_S32","ADS","ADS7",7.68,2,"irl-concordia",15
"1340","MB6_S32","ADS","ADS8",4.8,2,"irl-concordia",18
"1341","MB6_S32","IDS","IDS1",11.16,2,"irl-concordia",4
"1342","MB6_S32","IDS","IDS2",12.34,2,"irl-concordia",6
"1343","MB6_S32","IDS","IDS3",14.79,2,"irl-concordia",7
"1344","MB6_S32","IDS","IDS4",4.12,2,"irl-concordia",10
"1345","MB6_S32","IDS","IDS5",12.14,2,"irl-concordia",11
"1346","MB6_S32","IDS","IDS6",10.33,2,"irl-concordia",13
"1347","MB6_S32","IDS","IDS7",6.9,2,"irl-concordia",16
"1348","MB6_S32","IDS","IDS8",6.48,2,"irl-concordia",17
"1349","MB6_S32","training","train1",3.68,2,"irl-concordia",2
"1350","MB6_S32","training","train2",5.41,2,"irl-concordia",1
"1351","MB6_S33","ADS","ADS1",0.03,4,"irl-concordia",8
"1352","MB6_S33","ADS","ADS2",4.78,4,"irl-concordia",12
"1353","MB6_S33","ADS","ADS3",5.08,4,"irl-concordia",10
"1354","MB6_S33","ADS","ADS4",1.63,4,"irl-concordia",13
"1355","MB6_S33","ADS","ADS5",14.3,4,"irl-concordia",3
"1356","MB6_S33","ADS","ADS6",2.72,4,"irl-concordia",15
"1357","MB6_S33","ADS","ADS7",7.61,4,"irl-concordia",6
"1358","MB6_S33","ADS","ADS8",0.9,4,"irl-concordia",17
"1359","MB6_S33","IDS","IDS1",10.45,4,"irl-concordia",7
"1360","MB6_S33","IDS","IDS2",4.4,4,"irl-concordia",11
"1361","MB6_S33","IDS","IDS3",9.4,4,"irl-concordia",9
"1362","MB6_S33","IDS","IDS4",6.04,4,"irl-concordia",14
"1363","MB6_S33","IDS","IDS5",5.66,4,"irl-concordia",4
"1364","MB6_S33","IDS","IDS6",13.34,4,"irl-concordia",16
"1365","MB6_S33","IDS","IDS7",12.2,4,"irl-concordia",5
"1366","MB6_S33","IDS","IDS8",6.25,4,"irl-concordia",18
"1367","MB6_S33","training","train1",17.89,4,"irl-concordia",2
"1368","MB6_S33","training","train2",17.3,4,"irl-concordia",1
"1369","MB6_S34","ADS","ADS1",4.79,4,"irl-concordia",8
"1370","MB6_S34","ADS","ADS2",1.91,4,"irl-concordia",12
"1371","MB6_S34","ADS","ADS3",8.53,4,"irl-concordia",10
"1372","MB6_S34","ADS","ADS4",1.37,4,"irl-concordia",13
"1373","MB6_S34","ADS","ADS5",16.19,4,"irl-concordia",3
"1374","MB6_S34","ADS","ADS6",1.25,4,"irl-concordia",15
"1375","MB6_S34","ADS","ADS7",6.52,4,"irl-concordia",6
"1376","MB6_S34","ADS","ADS8",2.21,4,"irl-concordia",17
"1377","MB6_S34","IDS","IDS1",12.64,4,"irl-concordia",7
"1378","MB6_S34","IDS","IDS2",4.63,4,"irl-concordia",11
"1379","MB6_S34","IDS","IDS3",7.57,4,"irl-concordia",9
"1380","MB6_S34","IDS","IDS4",5.01,4,"irl-concordia",14
"1381","MB6_S34","IDS","IDS5",11.98,4,"irl-concordia",4
"1382","MB6_S34","IDS","IDS6",4.96,4,"irl-concordia",16
"1383","MB6_S34","IDS","IDS7",7,4,"irl-concordia",5
"1384","MB6_S34","IDS","IDS8",4.64,4,"irl-concordia",18
"1385","MB6_S34","training","train1",12.5,4,"irl-concordia",2
"1386","MB6_S34","training","train2",15.41,4,"irl-concordia",1
"1387","MB6_S35","ADS","ADS1",6.64,4,"irl-concordia",8
"1388","MB6_S35","ADS","ADS2",0,4,"irl-concordia",12
"1389","MB6_S35","ADS","ADS3",0.5,4,"irl-concordia",10
"1390","MB6_S35","ADS","ADS4",0,4,"irl-concordia",13
"1391","MB6_S35","ADS","ADS5",13.53,4,"irl-concordia",3
"1392","MB6_S35","ADS","ADS6",0,4,"irl-concordia",15
"1393","MB6_S35","ADS","ADS7",6.31,4,"irl-concordia",6
"1394","MB6_S35","ADS","ADS8",0,4,"irl-concordia",17
"1395","MB6_S35","IDS","IDS1",6.99,4,"irl-concordia",7
"1396","MB6_S35","IDS","IDS2",0,4,"irl-concordia",11
"1397","MB6_S35","IDS","IDS3",7.54,4,"irl-concordia",9
"1398","MB6_S35","IDS","IDS4",0,4,"irl-concordia",14
"1399","MB6_S35","IDS","IDS5",1.9,4,"irl-concordia",4
"1400","MB6_S35","IDS","IDS6",0,4,"irl-concordia",16
"1401","MB6_S35","IDS","IDS7",3.79,4,"irl-concordia",5
"1402","MB6_S35","IDS","IDS8",0,4,"irl-concordia",18
"1403","MB6_S35","training","train1",7.95,4,"irl-concordia",2
"1404","MB6_S35","training","train2",10.54,4,"irl-concordia",1
"1405","MB6_S36","ADS","ADS1",4.87,1,"irl-concordia",4
"1406","MB6_S36","ADS","ADS2",4.99,1,"irl-concordia",6
"1407","MB6_S36","ADS","ADS3",6.23,1,"irl-concordia",7
"1408","MB6_S36","ADS","ADS4",3.64,1,"irl-concordia",10
"1409","MB6_S36","ADS","ADS5",2.71,1,"irl-concordia",11
"1410","MB6_S36","ADS","ADS6",1.4,1,"irl-concordia",13
"1411","MB6_S36","ADS","ADS7",13.69,1,"irl-concordia",16
"1412","MB6_S36","ADS","ADS8",1.94,1,"irl-concordia",17
"1413","MB6_S36","IDS","IDS1",6.97,1,"irl-concordia",3
"1414","MB6_S36","IDS","IDS2",8.26,1,"irl-concordia",5
"1415","MB6_S36","IDS","IDS3",6.06,1,"irl-concordia",8
"1416","MB6_S36","IDS","IDS4",3.91,1,"irl-concordia",9
"1417","MB6_S36","IDS","IDS5",0.78,1,"irl-concordia",12
"1418","MB6_S36","IDS","IDS6",4.45,1,"irl-concordia",14
"1419","MB6_S36","IDS","IDS7",1.95,1,"irl-concordia",15
"1420","MB6_S36","IDS","IDS8",6.37,1,"irl-concordia",18
"1421","MB6_S36","training","train1",12.81,1,"irl-concordia",1
"1422","MB6_S36","training","train2",10.43,1,"irl-concordia",2
"1423","MB6_S37","ADS","ADS1",7.45,3,"irl-concordia",7
"1424","MB6_S37","ADS","ADS2",0.77,3,"irl-concordia",11
"1425","MB6_S37","ADS","ADS3",3.8,3,"irl-concordia",9
"1426","MB6_S37","ADS","ADS4",1.88,3,"irl-concordia",14
"1427","MB6_S37","ADS","ADS5",7.76,3,"irl-concordia",4
"1428","MB6_S37","ADS","ADS6",0.8,3,"irl-concordia",16
"1429","MB6_S37","ADS","ADS7",7.06,3,"irl-concordia",5
"1430","MB6_S37","ADS","ADS8",1.75,3,"irl-concordia",18
"1431","MB6_S37","IDS","IDS1",4.66,3,"irl-concordia",8
"1432","MB6_S37","IDS","IDS2",12.34,3,"irl-concordia",12
"1433","MB6_S37","IDS","IDS3",1.47,3,"irl-concordia",10
"1434","MB6_S37","IDS","IDS4",2.87,3,"irl-concordia",13
"1435","MB6_S37","IDS","IDS5",13.54,3,"irl-concordia",3
"1436","MB6_S37","IDS","IDS6",1.15,3,"irl-concordia",15
"1437","MB6_S37","IDS","IDS7",2.02,3,"irl-concordia",6
"1438","MB6_S37","IDS","IDS8",0.62,3,"irl-concordia",17
"1439","MB6_S37","training","train1",15.06,3,"irl-concordia",1
"1440","MB6_S37","training","train2",10.41,3,"irl-concordia",2
"1441","MB6_S38","ADS","ADS1",14.49,1,"irl-concordia",4
"1442","MB6_S38","ADS","ADS2",2.44,1,"irl-concordia",6
"1443","MB6_S38","ADS","ADS3",11.2,1,"irl-concordia",7
"1444","MB6_S38","ADS","ADS4",9.64,1,"irl-concordia",10
"1445","MB6_S38","ADS","ADS5",11.9,1,"irl-concordia",11
"1446","MB6_S38","ADS","ADS6",0.1,1,"irl-concordia",13
"1447","MB6_S38","ADS","ADS7",2.59,1,"irl-concordia",16
"1448","MB6_S38","ADS","ADS8",1.37,1,"irl-concordia",17
"1449","MB6_S38","IDS","IDS1",15.32,1,"irl-concordia",3
"1450","MB6_S38","IDS","IDS2",12.93,1,"irl-concordia",5
"1451","MB6_S38","IDS","IDS3",13.75,1,"irl-concordia",8
"1452","MB6_S38","IDS","IDS4",6.57,1,"irl-concordia",9
"1453","MB6_S38","IDS","IDS5",12.48,1,"irl-concordia",12
"1454","MB6_S38","IDS","IDS6",2.05,1,"irl-concordia",14
"1455","MB6_S38","IDS","IDS7",2.55,1,"irl-concordia",15
"1456","MB6_S38","IDS","IDS8",1.45,1,"irl-concordia",18
"1457","MB6_S38","training","train1",13.24,1,"irl-concordia",1
"1458","MB6_S38","training","train2",8.58,1,"irl-concordia",2
